# Logfile created on 2025-09-28 03:13:19 +0500 by logger.rb/v1.7.0
D, [2025-09-28T03:13:19.087345 #61930] DEBUG -- Pubnub::Telementry: Initialized Telemetry
D, [2025-09-28T03:13:19.087442 #61930] DEBUG -- Pubnub::Client: Created new Pubnub::Client instance. Version: 5.6.0
D, [2025-09-28T03:14:14.340505 #61930] DEBUG -- Pubnub::Telemetry: Fetching telemetry for l_pub
D, [2025-09-28T03:14:14.340585 #61930] DEBUG -- Pubnub::Event: Initialized Pubnub::Publish
D, [2025-09-28T03:14:14.344216 #61930] DEBUG -- Pubnub::Publish: Fired event Pubnub::Publish
D, [2025-09-28T03:14:14.344258 #61930] DEBUG -- Pubnub::Event: #send_request called
D, [2025-09-28T03:14:14.344272 #61930] DEBUG -- Pubnub::SingleEvent: #request_dispatcher called
D, [2025-09-28T03:14:14.344289 #61930] DEBUG -- Pubnub::Client: Looking for requester for async single_event
D, [2025-09-28T03:14:14.344430 #61930] DEBUG -- Pubnub::Event: #send_request got sender
D, [2025-09-28T03:14:14.344539 #61930] DEBUG -- Pubnub::Event: Requested URI: https://ps.pndsn.com/publish/pub-c-371423e2-0bd9-4c53-b56b-4d8589529cd7/sub-c-18ef4162-eec8-464d-8040-95b7ce1cb947/0/user.3.matches/0/%7B%22type%22%3A%22queue_joined%22%2C%22timestamp%22%3A1759011254%2C%22data%22%3A%7B%22status%22%3A%22waiting%22%2C%22queue_position%22%3Anull%2C%22estimated_wait_time%22%3A30%7D%7D?ortt=%7B%22t%22%3A17590112543406022%7D&pnsdk=PubNub-Ruby%2F5.6.0&seqn=1&store=0&uuid=server-development-45468a61
D, [2025-09-28T03:14:14.368532 #61930] DEBUG -- Pubnub::Telemetry: Fetching telemetry for l_pub
D, [2025-09-28T03:14:14.368597 #61930] DEBUG -- Pubnub::Event: Initialized Pubnub::Publish
D, [2025-09-28T03:14:14.368765 #61930] DEBUG -- Pubnub::Publish: Fired event Pubnub::Publish
D, [2025-09-28T03:14:14.368915 #61930] DEBUG -- Pubnub::Event: #send_request called
D, [2025-09-28T03:14:14.368950 #61930] DEBUG -- Pubnub::SingleEvent: #request_dispatcher called
D, [2025-09-28T03:14:14.368972 #61930] DEBUG -- Pubnub::Client: Looking for requester for async single_event
D, [2025-09-28T03:14:14.369024 #61930] DEBUG -- Pubnub::Event: #send_request got sender
D, [2025-09-28T03:14:14.369172 #61930] DEBUG -- Pubnub::Event: Requested URI: https://ps.pndsn.com/publish/pub-c-371423e2-0bd9-4c53-b56b-4d8589529cd7/sub-c-18ef4162-eec8-464d-8040-95b7ce1cb947/0/vc.room_1759011254_30e85d4d/0/%7B%22type%22%3A%22prepare_connection%22%2C%22from%22%3A%223%22%2C%22to%22%3A%222%22%2C%22session_version%22%3A%22version_1759011254_044bdcaa%22%2C%22timestamp%22%3A1759011254%7D?ortt=%7B%22t%22%3A17590112543686120%7D&pnsdk=PubNub-Ruby%2F5.6.0&seqn=2&store=0&uuid=server-development-45468a61
D, [2025-09-28T03:14:14.368937 #61930] DEBUG -- Pubnub::Telemetry: Fetching telemetry for l_pub
D, [2025-09-28T03:14:14.369515 #61930] DEBUG -- Pubnub::Event: Initialized Pubnub::Publish
D, [2025-09-28T03:14:14.369589 #61930] DEBUG -- Pubnub::Publish: Fired event Pubnub::Publish
D, [2025-09-28T03:14:14.369606 #61930] DEBUG -- Pubnub::Event: #send_request called
D, [2025-09-28T03:14:14.369616 #61930] DEBUG -- Pubnub::SingleEvent: #request_dispatcher called
D, [2025-09-28T03:14:14.369627 #61930] DEBUG -- Pubnub::Client: Looking for requester for async single_event
D, [2025-09-28T03:14:14.369638 #61930] DEBUG -- Pubnub::Event: #send_request got sender
D, [2025-09-28T03:14:14.369723 #61930] DEBUG -- Pubnub::Event: Requested URI: https://ps.pndsn.com/publish/pub-c-371423e2-0bd9-4c53-b56b-4d8589529cd7/sub-c-18ef4162-eec8-464d-8040-95b7ce1cb947/0/user.3.matches/0/%7B%22type%22%3A%22match_found%22%2C%22timestamp%22%3A1759011254%2C%22data%22%3A%7B%22status%22%3A%22matched%22%2C%22room_id%22%3A%22room_1759011254_30e85d4d%22%2C%22match_type%22%3A%22staff%22%2C%22actual_match_type%22%3A%22staff%22%2C%22partner%22%3A%7B%22id%22%3A2%2C%22type%22%3A%22staff%22%7D%2C%22is_initiator%22%3Afalse%2C%22session_version%22%3A%22version_1759011254_044bdcaa%22%2C%22video_id%22%3Anull%2C%22video_url%22%3Anull%2C%22video_name%22%3Anull%7D%7D?ortt=%7B%22t%22%3A17590112543695412%7D&pnsdk=PubNub-Ruby%2F5.6.0&seqn=3&store=0&uuid=server-development-45468a61
D, [2025-09-28T03:14:14.370907 #61930] DEBUG -- Pubnub::Telemetry: Fetching telemetry for l_pub
D, [2025-09-28T03:14:14.370995 #61930] DEBUG -- Pubnub::Event: Initialized Pubnub::Publish
D, [2025-09-28T03:14:14.371076 #61930] DEBUG -- Pubnub::Publish: Fired event Pubnub::Publish
D, [2025-09-28T03:14:14.371094 #61930] DEBUG -- Pubnub::Event: #send_request called
D, [2025-09-28T03:14:14.371103 #61930] DEBUG -- Pubnub::SingleEvent: #request_dispatcher called
D, [2025-09-28T03:14:14.371112 #61930] DEBUG -- Pubnub::Client: Looking for requester for async single_event
D, [2025-09-28T03:14:14.371120 #61930] DEBUG -- Pubnub::Event: #send_request got sender
D, [2025-09-28T03:14:14.371203 #61930] DEBUG -- Pubnub::Event: Requested URI: https://ps.pndsn.com/publish/pub-c-371423e2-0bd9-4c53-b56b-4d8589529cd7/sub-c-18ef4162-eec8-464d-8040-95b7ce1cb947/0/user.2.matches/0/%7B%22type%22%3A%22match_found%22%2C%22timestamp%22%3A1759011254%2C%22data%22%3A%7B%22status%22%3A%22matched%22%2C%22room_id%22%3A%22room_1759011254_30e85d4d%22%2C%22match_type%22%3A%22staff%22%2C%22actual_match_type%22%3A%22staff%22%2C%22partner%22%3A%7B%22id%22%3A3%2C%22type%22%3A%22staff%22%7D%2C%22is_initiator%22%3Atrue%2C%22session_version%22%3A%22version_1759011254_044bdcaa%22%2C%22video_id%22%3Anull%2C%22video_url%22%3Anull%2C%22video_name%22%3Anull%7D%7D?ortt=%7B%22t%22%3A17590112543710170%7D&pnsdk=PubNub-Ruby%2F5.6.0&seqn=4&store=0&uuid=server-development-45468a61
D, [2025-09-28T03:14:15.279765 #61930] DEBUG -- Pubnub::Event: Event#handle
D, [2025-09-28T03:14:15.280309 #61930] DEBUG -- Pubnub::Event: Firing callbacks for Pubnub::Publish
D, [2025-09-28T03:14:15.280038 #61930] DEBUG -- Pubnub::Event: Event#handle
D, [2025-09-28T03:14:15.280428 #61930] DEBUG -- Pubnub::Event: Firing callbacks for Pubnub::Publish
D, [2025-09-28T03:14:15.319543 #61930] DEBUG -- Pubnub::Event: Event#handle
D, [2025-09-28T03:14:15.319681 #61930] DEBUG -- Pubnub::Event: Firing callbacks for Pubnub::Publish
D, [2025-09-28T03:14:15.380940 #61930] DEBUG -- Pubnub::Event: Event#handle
D, [2025-09-28T03:14:15.381082 #61930] DEBUG -- Pubnub::Event: Firing callbacks for Pubnub::Publish
D, [2025-09-28T03:14:17.677445 #61930] DEBUG -- Pubnub::Telemetry: Fetching telemetry for l_pub
D, [2025-09-28T03:14:17.677495 #61930] DEBUG -- Pubnub::Telemetry: Current average: 0.951402485370636
D, [2025-09-28T03:14:17.677540 #61930] DEBUG -- Pubnub::Event: Initialized Pubnub::Publish
D, [2025-09-28T03:14:17.678079 #61930] DEBUG -- Pubnub::Publish: Fired event Pubnub::Publish
D, [2025-09-28T03:14:17.678098 #61930] DEBUG -- Pubnub::Event: #send_request called
D, [2025-09-28T03:14:17.678114 #61930] DEBUG -- Pubnub::SingleEvent: #request_dispatcher called
D, [2025-09-28T03:14:17.678140 #61930] DEBUG -- Pubnub::Client: Looking for requester for async single_event
D, [2025-09-28T03:14:17.678180 #61930] DEBUG -- Pubnub::Event: #send_request got sender
D, [2025-09-28T03:14:17.678281 #61930] DEBUG -- Pubnub::Event: Requested URI: https://ps.pndsn.com/publish/pub-c-371423e2-0bd9-4c53-b56b-4d8589529cd7/sub-c-18ef4162-eec8-464d-8040-95b7ce1cb947/0/user.3.matches/0/%7B%22type%22%3A%22queue_joined%22%2C%22timestamp%22%3A1759011257%2C%22data%22%3A%7B%22status%22%3A%22waiting%22%2C%22queue_position%22%3Anull%2C%22estimated_wait_time%22%3A30%7D%7D?l_pub=0.951&ortt=%7B%22t%22%3A17590112576775530%7D&pnsdk=PubNub-Ruby%2F5.6.0&seqn=5&store=0&uuid=server-development-45468a61
D, [2025-09-28T03:14:17.751981 #61930] DEBUG -- Pubnub::Telemetry: Fetching telemetry for l_pub
D, [2025-09-28T03:14:17.752084 #61930] DEBUG -- Pubnub::Event: Initialized Pubnub::Publish
D, [2025-09-28T03:14:17.752236 #61930] DEBUG -- Pubnub::Publish: Fired event Pubnub::Publish
D, [2025-09-28T03:14:17.752632 #61930] DEBUG -- Pubnub::Event: #send_request called
D, [2025-09-28T03:14:17.752660 #61930] DEBUG -- Pubnub::SingleEvent: #request_dispatcher called
D, [2025-09-28T03:14:17.752698 #61930] DEBUG -- Pubnub::Client: Looking for requester for async single_event
D, [2025-09-28T03:14:17.752708 #61930] DEBUG -- Pubnub::Event: #send_request got sender
D, [2025-09-28T03:14:17.752819 #61930] DEBUG -- Pubnub::Event: Requested URI: https://ps.pndsn.com/publish/pub-c-371423e2-0bd9-4c53-b56b-4d8589529cd7/sub-c-18ef4162-eec8-464d-8040-95b7ce1cb947/0/user.3.matches/0/%7B%22type%22%3A%22match_found%22%2C%22timestamp%22%3A1759011257%2C%22data%22%3A%7B%22status%22%3A%22matched%22%2C%22room_id%22%3A%22room_1759011257_f00213e2%22%2C%22match_type%22%3A%22video%22%2C%22actual_match_type%22%3A%22video%22%2C%22partner%22%3A%7B%22id%22%3A%22video%22%2C%22type%22%3A%22video%22%7D%2C%22is_initiator%22%3Atrue%2C%22session_version%22%3A%22version_1759011257_fa45e977%22%2C%22video_id%22%3A1%2C%22video_url%22%3A%22https%3A%2F%2Fres.cloudinary.com%2Fdnxuijplb%2Fvideo%2Fupload%2Fv1%2Fjuicy_meets%2F34i0annr2s0d64gqw8ez3ze0b5ri.mp4%3F_a%3DBACCg%2BEv%22%2C%22video_name%22%3A%22four%22%7D%7D?ortt=%7B%22t%22%3A17590112577521750%7D&pnsdk=PubNub-Ruby%2F5.6.0&seqn=6&store=0&uuid=server-development-45468a61
D, [2025-09-28T03:14:17.857342 #61930] DEBUG -- Pubnub::Event: Event#handle
D, [2025-09-28T03:14:17.857683 #61930] DEBUG -- Pubnub::Event: Firing callbacks for Pubnub::Publish
D, [2025-09-28T03:14:17.942172 #61930] DEBUG -- Pubnub::Event: Event#handle
D, [2025-09-28T03:14:17.942335 #61930] DEBUG -- Pubnub::Event: Firing callbacks for Pubnub::Publish
D, [2025-09-28T03:14:22.880486 #61930] DEBUG -- Pubnub::Telemetry: Fetching telemetry for l_pub
D, [2025-09-28T03:14:22.880536 #61930] DEBUG -- Pubnub::Telemetry: Current average: 0.18423354625701904
D, [2025-09-28T03:14:22.880582 #61930] DEBUG -- Pubnub::Event: Initialized Pubnub::Publish
D, [2025-09-28T03:14:22.881166 #61930] DEBUG -- Pubnub::Publish: Fired event Pubnub::Publish
D, [2025-09-28T03:14:22.881189 #61930] DEBUG -- Pubnub::Event: #send_request called
D, [2025-09-28T03:14:22.881204 #61930] DEBUG -- Pubnub::SingleEvent: #request_dispatcher called
D, [2025-09-28T03:14:22.881228 #61930] DEBUG -- Pubnub::Client: Looking for requester for async single_event
D, [2025-09-28T03:14:22.881266 #61930] DEBUG -- Pubnub::Event: #send_request got sender
D, [2025-09-28T03:14:22.881353 #61930] DEBUG -- Pubnub::Event: Requested URI: https://ps.pndsn.com/publish/pub-c-371423e2-0bd9-4c53-b56b-4d8589529cd7/sub-c-18ef4162-eec8-464d-8040-95b7ce1cb947/0/user.2.matches/0/%7B%22type%22%3A%22queue_joined%22%2C%22timestamp%22%3A1759011262%2C%22data%22%3A%7B%22status%22%3A%22waiting%22%2C%22queue_position%22%3Anull%2C%22estimated_wait_time%22%3A30%7D%7D?l_pub=0.184&ortt=%7B%22t%22%3A17590112628805968%7D&pnsdk=PubNub-Ruby%2F5.6.0&seqn=7&store=0&uuid=server-development-45468a61
D, [2025-09-28T03:14:23.073307 #61930] DEBUG -- Pubnub::Event: Event#handle
D, [2025-09-28T03:14:23.073456 #61930] DEBUG -- Pubnub::Event: Firing callbacks for Pubnub::Publish
D, [2025-09-28T03:14:24.973017 #61930] DEBUG -- Pubnub::Telemetry: Fetching telemetry for l_pub
D, [2025-09-28T03:14:24.973072 #61930] DEBUG -- Pubnub::Telemetry: Current average: 0.19198060035705566
D, [2025-09-28T03:14:24.973126 #61930] DEBUG -- Pubnub::Event: Initialized Pubnub::Publish
D, [2025-09-28T03:14:24.973414 #61930] DEBUG -- Pubnub::Publish: Fired event Pubnub::Publish
D, [2025-09-28T03:14:24.973476 #61930] DEBUG -- Pubnub::Event: #send_request called
D, [2025-09-28T03:14:24.974024 #61930] DEBUG -- Pubnub::SingleEvent: #request_dispatcher called
D, [2025-09-28T03:14:24.974040 #61930] DEBUG -- Pubnub::Client: Looking for requester for async single_event
D, [2025-09-28T03:14:24.974051 #61930] DEBUG -- Pubnub::Event: #send_request got sender
D, [2025-09-28T03:14:24.974172 #61930] DEBUG -- Pubnub::Event: Requested URI: https://ps.pndsn.com/publish/pub-c-371423e2-0bd9-4c53-b56b-4d8589529cd7/sub-c-18ef4162-eec8-464d-8040-95b7ce1cb947/0/user.2.matches/0/%7B%22type%22%3A%22match_failed%22%2C%22timestamp%22%3A1759011264%2C%22data%22%3A%7B%22status%22%3A%22no_match%22%2C%22reason%22%3A%22Staff%20users%20wait%20for%20real%20app%20users%20only%20-%20none%20currently%20available%22%2C%22retry_suggested%22%3Atrue%7D%7D?l_pub=0.192&ortt=%7B%22t%22%3A17590112649731440%7D&pnsdk=PubNub-Ruby%2F5.6.0&seqn=8&store=0&uuid=server-development-45468a61
D, [2025-09-28T03:14:25.165968 #61930] DEBUG -- Pubnub::Event: Event#handle
D, [2025-09-28T03:14:25.166169 #61930] DEBUG -- Pubnub::Event: Firing callbacks for Pubnub::Publish
D, [2025-09-28T03:14:34.874378 #61930] DEBUG -- Pubnub::Telemetry: Fetching telemetry for l_pub
D, [2025-09-28T03:14:34.874686 #61930] DEBUG -- Pubnub::Telemetry: Current average: 0.191849946975708
D, [2025-09-28T03:14:34.875221 #61930] DEBUG -- Pubnub::Event: Initialized Pubnub::Publish
D, [2025-09-28T03:14:34.875967 #61930] DEBUG -- Pubnub::Publish: Fired event Pubnub::Publish
D, [2025-09-28T03:14:34.876008 #61930] DEBUG -- Pubnub::Event: #send_request called
D, [2025-09-28T03:14:34.876034 #61930] DEBUG -- Pubnub::SingleEvent: #request_dispatcher called
D, [2025-09-28T03:14:34.876063 #61930] DEBUG -- Pubnub::Client: Looking for requester for async single_event
D, [2025-09-28T03:14:34.876093 #61930] DEBUG -- Pubnub::Event: #send_request got sender
D, [2025-09-28T03:14:34.876234 #61930] DEBUG -- Pubnub::Event: Requested URI: https://ps.pndsn.com/publish/pub-c-371423e2-0bd9-4c53-b56b-4d8589529cd7/sub-c-18ef4162-eec8-464d-8040-95b7ce1cb947/0/user.3.matches/0/%7B%22type%22%3A%22queue_joined%22%2C%22timestamp%22%3A1759011274%2C%22data%22%3A%7B%22status%22%3A%22waiting%22%2C%22queue_position%22%3Anull%2C%22estimated_wait_time%22%3A30%7D%7D?l_pub=0.192&ortt=%7B%22t%22%3A17590112748752630%7D&pnsdk=PubNub-Ruby%2F5.6.0&seqn=9&store=0&uuid=server-development-45468a61
D, [2025-09-28T03:14:34.894475 #61930] DEBUG -- Pubnub::Telemetry: Fetching telemetry for l_pub
D, [2025-09-28T03:14:34.894530 #61930] DEBUG -- Pubnub::Event: Initialized Pubnub::Publish
D, [2025-09-28T03:14:34.894771 #61930] DEBUG -- Pubnub::Publish: Fired event Pubnub::Publish
D, [2025-09-28T03:14:34.894890 #61930] DEBUG -- Pubnub::Event: #send_request called
D, [2025-09-28T03:14:34.894933 #61930] DEBUG -- Pubnub::SingleEvent: #request_dispatcher called
D, [2025-09-28T03:14:34.894960 #61930] DEBUG -- Pubnub::Client: Looking for requester for async single_event
D, [2025-09-28T03:14:34.895034 #61930] DEBUG -- Pubnub::Event: #send_request got sender
D, [2025-09-28T03:14:34.895339 #61930] DEBUG -- Pubnub::Event: Requested URI: https://ps.pndsn.com/publish/pub-c-371423e2-0bd9-4c53-b56b-4d8589529cd7/sub-c-18ef4162-eec8-464d-8040-95b7ce1cb947/0/vc.room_1759011274_7a4924c7/0/%7B%22type%22%3A%22prepare_connection%22%2C%22from%22%3A%223%22%2C%22to%22%3A%222%22%2C%22session_version%22%3A%22version_1759011274_827904c1%22%2C%22timestamp%22%3A1759011274%7D?ortt=%7B%22t%22%3A17590112748945420%7D&pnsdk=PubNub-Ruby%2F5.6.0&seqn=10&store=0&uuid=server-development-45468a61
D, [2025-09-28T03:14:34.894912 #61930] DEBUG -- Pubnub::Telemetry: Fetching telemetry for l_pub
D, [2025-09-28T03:14:34.895698 #61930] DEBUG -- Pubnub::Event: Initialized Pubnub::Publish
D, [2025-09-28T03:14:34.895766 #61930] DEBUG -- Pubnub::Publish: Fired event Pubnub::Publish
D, [2025-09-28T03:14:34.895844 #61930] DEBUG -- Pubnub::Event: #send_request called
D, [2025-09-28T03:14:34.895863 #61930] DEBUG -- Pubnub::SingleEvent: #request_dispatcher called
D, [2025-09-28T03:14:34.895878 #61930] DEBUG -- Pubnub::Client: Looking for requester for async single_event
D, [2025-09-28T03:14:34.895898 #61930] DEBUG -- Pubnub::Event: #send_request got sender
D, [2025-09-28T03:14:34.896114 #61930] DEBUG -- Pubnub::Event: Requested URI: https://ps.pndsn.com/publish/pub-c-371423e2-0bd9-4c53-b56b-4d8589529cd7/sub-c-18ef4162-eec8-464d-8040-95b7ce1cb947/0/user.3.matches/0/%7B%22type%22%3A%22match_found%22%2C%22timestamp%22%3A1759011274%2C%22data%22%3A%7B%22status%22%3A%22matched%22%2C%22room_id%22%3A%22room_1759011274_7a4924c7%22%2C%22match_type%22%3A%22staff%22%2C%22actual_match_type%22%3A%22staff%22%2C%22partner%22%3A%7B%22id%22%3A2%2C%22type%22%3A%22staff%22%7D%2C%22is_initiator%22%3Afalse%2C%22session_version%22%3A%22version_1759011274_827904c1%22%2C%22video_id%22%3Anull%2C%22video_url%22%3Anull%2C%22video_name%22%3Anull%7D%7D?ortt=%7B%22t%22%3A17590112748957172%7D&pnsdk=PubNub-Ruby%2F5.6.0&seqn=11&store=0&uuid=server-development-45468a61
D, [2025-09-28T03:14:34.897637 #61930] DEBUG -- Pubnub::Telemetry: Fetching telemetry for l_pub
D, [2025-09-28T03:14:34.897861 #61930] DEBUG -- Pubnub::Telemetry: Fetching telemetry for l_pub
D, [2025-09-28T03:14:34.897922 #61930] DEBUG -- Pubnub::Event: Initialized Pubnub::Publish
D, [2025-09-28T03:14:34.899203 #61930] DEBUG -- Pubnub::Telemetry: Fetching telemetry for l_pub
D, [2025-09-28T03:14:34.898851 #61930] DEBUG -- Pubnub::Event: Initialized Pubnub::Publish
D, [2025-09-28T03:14:34.899506 #61930] DEBUG -- Pubnub::Publish: Fired event Pubnub::Publish
D, [2025-09-28T03:14:34.901296 #61930] DEBUG -- Pubnub::Event: #send_request called
D, [2025-09-28T03:14:34.901350 #61930] DEBUG -- Pubnub::SingleEvent: #request_dispatcher called
D, [2025-09-28T03:14:34.901554 #61930] DEBUG -- Pubnub::Client: Looking for requester for async single_event
D, [2025-09-28T03:14:34.901638 #61930] DEBUG -- Pubnub::Event: #send_request got sender
D, [2025-09-28T03:14:34.902148 #61930] DEBUG -- Pubnub::Event: Requested URI: https://ps.pndsn.com/publish/pub-c-371423e2-0bd9-4c53-b56b-4d8589529cd7/sub-c-18ef4162-eec8-464d-8040-95b7ce1cb947/0/user.2.matches/0/%7B%22type%22%3A%22match_found%22%2C%22timestamp%22%3A1759011274%2C%22data%22%3A%7B%22status%22%3A%22matched%22%2C%22room_id%22%3A%22room_1759011274_7a4924c7%22%2C%22match_type%22%3A%22staff%22%2C%22actual_match_type%22%3A%22staff%22%2C%22partner%22%3A%7B%22id%22%3A3%2C%22type%22%3A%22staff%22%7D%2C%22is_initiator%22%3Atrue%2C%22session_version%22%3A%22version_1759011274_827904c1%22%2C%22video_id%22%3Anull%2C%22video_url%22%3Anull%2C%22video_name%22%3Anull%7D%7D?ortt=%7B%22t%22%3A17590112748991502%7D&pnsdk=PubNub-Ruby%2F5.6.0&seqn=12&store=0&uuid=server-development-45468a61
D, [2025-09-28T03:14:34.901072 #61930] DEBUG -- Pubnub::Publish: Fired event Pubnub::Publish
D, [2025-09-28T03:14:34.902976 #61930] DEBUG -- Pubnub::Event: #send_request called
D, [2025-09-28T03:14:34.903132 #61930] DEBUG -- Pubnub::SingleEvent: #request_dispatcher called
D, [2025-09-28T03:14:34.903836 #61930] DEBUG -- Pubnub::Client: Looking for requester for async single_event
D, [2025-09-28T03:14:34.904112 #61930] DEBUG -- Pubnub::Event: #send_request got sender
D, [2025-09-28T03:14:34.904633 #61930] DEBUG -- Pubnub::Event: Requested URI: https://ps.pndsn.com/publish/pub-c-371423e2-0bd9-4c53-b56b-4d8589529cd7/sub-c-18ef4162-eec8-464d-8040-95b7ce1cb947/0/user.3.matches/0/%7B%22type%22%3A%22match_found%22%2C%22timestamp%22%3A1759011274%2C%22data%22%3A%7B%22status%22%3A%22matched%22%2C%22room_id%22%3A%22room_1759011274_7a4924c7%22%2C%22match_type%22%3A%22staff%22%2C%22actual_match_type%22%3A%22staff%22%2C%22partner%22%3A%7B%22id%22%3A2%2C%22type%22%3A%22staff%22%7D%2C%22is_initiator%22%3Afalse%2C%22session_version%22%3A%22version_1759011274_827904c1%22%2C%22video_id%22%3Anull%2C%22video_url%22%3Anull%2C%22video_name%22%3Anull%7D%7D?ortt=%7B%22t%22%3A17590112749009130%7D&pnsdk=PubNub-Ruby%2F5.6.0&seqn=13&store=0&uuid=server-development-45468a61
D, [2025-09-28T03:14:34.899585 #61930] DEBUG -- Pubnub::Event: Initialized Pubnub::Publish
D, [2025-09-28T03:14:34.905258 #61930] DEBUG -- Pubnub::Publish: Fired event Pubnub::Publish
D, [2025-09-28T03:14:34.905316 #61930] DEBUG -- Pubnub::Event: #send_request called
D, [2025-09-28T03:14:34.905351 #61930] DEBUG -- Pubnub::SingleEvent: #request_dispatcher called
D, [2025-09-28T03:14:34.905438 #61930] DEBUG -- Pubnub::Client: Looking for requester for async single_event
D, [2025-09-28T03:14:34.905479 #61930] DEBUG -- Pubnub::Event: #send_request got sender
D, [2025-09-28T03:14:34.905831 #61930] DEBUG -- Pubnub::Event: Requested URI: https://ps.pndsn.com/publish/pub-c-371423e2-0bd9-4c53-b56b-4d8589529cd7/sub-c-18ef4162-eec8-464d-8040-95b7ce1cb947/0/user.2.matches/0/%7B%22type%22%3A%22match_found%22%2C%22timestamp%22%3A1759011274%2C%22data%22%3A%7B%22status%22%3A%22matched%22%2C%22room_id%22%3A%22room_1759011274_7a4924c7%22%2C%22match_type%22%3A%22staff%22%2C%22actual_match_type%22%3A%22staff%22%2C%22partner%22%3A%7B%22id%22%3A3%2C%22type%22%3A%22staff%22%7D%2C%22is_initiator%22%3Atrue%2C%22session_version%22%3A%22version_1759011274_827904c1%22%2C%22video_id%22%3Anull%2C%22video_url%22%3Anull%2C%22video_name%22%3Anull%7D%7D?ortt=%7B%22t%22%3A17590112749051020%7D&pnsdk=PubNub-Ruby%2F5.6.0&seqn=14&store=0&uuid=server-development-45468a61
D, [2025-09-28T03:14:35.073763 #61930] DEBUG -- Pubnub::Event: Event#handle
D, [2025-09-28T03:14:35.073973 #61930] DEBUG -- Pubnub::Event: Firing callbacks for Pubnub::Publish
D, [2025-09-28T03:14:35.715480 #61930] DEBUG -- Pubnub::Event: Event#handle
D, [2025-09-28T03:14:35.716252 #61930] DEBUG -- Pubnub::Event: Firing callbacks for Pubnub::Publish
D, [2025-09-28T03:14:35.720203 #61930] DEBUG -- Pubnub::Event: Event#handle
D, [2025-09-28T03:14:35.720582 #61930] DEBUG -- Pubnub::Event: Firing callbacks for Pubnub::Publish
D, [2025-09-28T03:14:35.737048 #61930] DEBUG -- Pubnub::Event: Event#handle
D, [2025-09-28T03:14:35.737317 #61930] DEBUG -- Pubnub::Event: Firing callbacks for Pubnub::Publish
D, [2025-09-28T03:14:35.825481 #61930] DEBUG -- Pubnub::Event: Event#handle
D, [2025-09-28T03:14:35.825642 #61930] DEBUG -- Pubnub::Event: Firing callbacks for Pubnub::Publish
D, [2025-09-28T03:14:35.826414 #61930] DEBUG -- Pubnub::Event: Event#handle
D, [2025-09-28T03:14:35.826566 #61930] DEBUG -- Pubnub::Event: Firing callbacks for Pubnub::Publish
D, [2025-09-28T03:14:51.229823 #61930] DEBUG -- Pubnub::Telemetry: Fetching telemetry for l_pub
D, [2025-09-28T03:14:51.229871 #61930] DEBUG -- Pubnub::Telemetry: Current average: 0.752951979637146
D, [2025-09-28T03:14:51.229912 #61930] DEBUG -- Pubnub::Event: Initialized Pubnub::Publish
D, [2025-09-28T03:14:51.230371 #61930] DEBUG -- Pubnub::Publish: Fired event Pubnub::Publish
D, [2025-09-28T03:14:51.230391 #61930] DEBUG -- Pubnub::Event: #send_request called
D, [2025-09-28T03:14:51.230407 #61930] DEBUG -- Pubnub::SingleEvent: #request_dispatcher called
D, [2025-09-28T03:14:51.230427 #61930] DEBUG -- Pubnub::Client: Looking for requester for async single_event
D, [2025-09-28T03:14:51.230446 #61930] DEBUG -- Pubnub::Event: #send_request got sender
D, [2025-09-28T03:14:51.230569 #61930] DEBUG -- Pubnub::Event: Requested URI: https://ps.pndsn.com/publish/pub-c-371423e2-0bd9-4c53-b56b-4d8589529cd7/sub-c-18ef4162-eec8-464d-8040-95b7ce1cb947/0/user.2.matches/0/%7B%22type%22%3A%22queue_joined%22%2C%22timestamp%22%3A1759011291%2C%22data%22%3A%7B%22status%22%3A%22waiting%22%2C%22queue_position%22%3Anull%2C%22estimated_wait_time%22%3A30%7D%7D?l_pub=0.753&ortt=%7B%22t%22%3A17590112912299252%7D&pnsdk=PubNub-Ruby%2F5.6.0&seqn=15&store=0&uuid=server-development-45468a61
D, [2025-09-28T03:14:52.026362 #61930] DEBUG -- Pubnub::Event: Event#handle
D, [2025-09-28T03:14:52.026699 #61930] DEBUG -- Pubnub::Event: Firing callbacks for Pubnub::Publish
D, [2025-09-28T03:14:53.304114 #61930] DEBUG -- Pubnub::Telemetry: Fetching telemetry for l_pub
D, [2025-09-28T03:14:53.304171 #61930] DEBUG -- Pubnub::Telemetry: Current average: 0.7958090305328369
D, [2025-09-28T03:14:53.304233 #61930] DEBUG -- Pubnub::Event: Initialized Pubnub::Publish
D, [2025-09-28T03:14:53.304534 #61930] DEBUG -- Pubnub::Publish: Fired event Pubnub::Publish
D, [2025-09-28T03:14:53.304578 #61930] DEBUG -- Pubnub::Event: #send_request called
D, [2025-09-28T03:14:53.304601 #61930] DEBUG -- Pubnub::SingleEvent: #request_dispatcher called
D, [2025-09-28T03:14:53.304626 #61930] DEBUG -- Pubnub::Client: Looking for requester for async single_event
D, [2025-09-28T03:14:53.304649 #61930] DEBUG -- Pubnub::Event: #send_request got sender
D, [2025-09-28T03:14:53.304773 #61930] DEBUG -- Pubnub::Event: Requested URI: https://ps.pndsn.com/publish/pub-c-371423e2-0bd9-4c53-b56b-4d8589529cd7/sub-c-18ef4162-eec8-464d-8040-95b7ce1cb947/0/user.2.matches/0/%7B%22type%22%3A%22match_failed%22%2C%22timestamp%22%3A1759011293%2C%22data%22%3A%7B%22status%22%3A%22no_match%22%2C%22reason%22%3A%22Staff%20users%20wait%20for%20real%20app%20users%20only%20-%20none%20currently%20available%22%2C%22retry_suggested%22%3Atrue%7D%7D?l_pub=0.796&ortt=%7B%22t%22%3A17590112933042800%7D&pnsdk=PubNub-Ruby%2F5.6.0&seqn=16&store=0&uuid=server-development-45468a61
D, [2025-09-28T03:14:53.304563 #61930] DEBUG -- Pubnub::Telemetry: Fetching telemetry for l_pub
D, [2025-09-28T03:14:53.305164 #61930] DEBUG -- Pubnub::Event: Initialized Pubnub::Publish
D, [2025-09-28T03:14:53.305986 #61930] DEBUG -- Pubnub::Publish: Fired event Pubnub::Publish
D, [2025-09-28T03:14:53.306010 #61930] DEBUG -- Pubnub::Event: #send_request called
D, [2025-09-28T03:14:53.306029 #61930] DEBUG -- Pubnub::SingleEvent: #request_dispatcher called
D, [2025-09-28T03:14:53.306053 #61930] DEBUG -- Pubnub::Client: Looking for requester for async single_event
D, [2025-09-28T03:14:53.306074 #61930] DEBUG -- Pubnub::Event: #send_request got sender
D, [2025-09-28T03:14:53.306158 #61930] DEBUG -- Pubnub::Event: Requested URI: https://ps.pndsn.com/publish/pub-c-371423e2-0bd9-4c53-b56b-4d8589529cd7/sub-c-18ef4162-eec8-464d-8040-95b7ce1cb947/0/user.2.matches/0/%7B%22type%22%3A%22partner_left%22%2C%22timestamp%22%3A1759011293%2C%22data%22%3A%7B%22room_id%22%3A%22room_1759011274_7a4924c7%22%2C%22action%22%3A%22find_new_match%22%7D%7D?ortt=%7B%22t%22%3A17590112933051760%7D&pnsdk=PubNub-Ruby%2F5.6.0&seqn=17&store=0&uuid=server-development-45468a61
D, [2025-09-28T03:14:53.315976 #61930] DEBUG -- Pubnub::Telemetry: Fetching telemetry for l_pub
D, [2025-09-28T03:14:53.316117 #61930] DEBUG -- Pubnub::Event: Initialized Pubnub::Publish
D, [2025-09-28T03:14:53.316659 #61930] DEBUG -- Pubnub::Publish: Fired event Pubnub::Publish
D, [2025-09-28T03:14:53.316709 #61930] DEBUG -- Pubnub::Event: #send_request called
D, [2025-09-28T03:14:53.316733 #61930] DEBUG -- Pubnub::SingleEvent: #request_dispatcher called
D, [2025-09-28T03:14:53.316746 #61930] DEBUG -- Pubnub::Client: Looking for requester for async single_event
D, [2025-09-28T03:14:53.316757 #61930] DEBUG -- Pubnub::Event: #send_request got sender
D, [2025-09-28T03:14:53.316861 #61930] DEBUG -- Pubnub::Event: Requested URI: https://ps.pndsn.com/publish/pub-c-371423e2-0bd9-4c53-b56b-4d8589529cd7/sub-c-18ef4162-eec8-464d-8040-95b7ce1cb947/0/user.3.matches/0/%7B%22type%22%3A%22queue_joined%22%2C%22timestamp%22%3A1759011293%2C%22data%22%3A%7B%22status%22%3A%22waiting%22%2C%22queue_position%22%3Anull%2C%22estimated_wait_time%22%3A30%7D%7D?ortt=%7B%22t%22%3A17590112933161652%7D&pnsdk=PubNub-Ruby%2F5.6.0&seqn=18&store=0&uuid=server-development-45468a61
D, [2025-09-28T03:14:53.330554 #61930] DEBUG -- Pubnub::Telemetry: Fetching telemetry for l_pub
D, [2025-09-28T03:14:53.330618 #61930] DEBUG -- Pubnub::Telemetry: Fetching telemetry for l_pub
D, [2025-09-28T03:14:53.330666 #61930] DEBUG -- Pubnub::Event: Initialized Pubnub::Publish
D, [2025-09-28T03:14:53.330804 #61930] DEBUG -- Pubnub::Event: Initialized Pubnub::Publish
D, [2025-09-28T03:14:53.331754 #61930] DEBUG -- Pubnub::Telemetry: Fetching telemetry for l_pub
D, [2025-09-28T03:14:53.331280 #61930] DEBUG -- Pubnub::Publish: Fired event Pubnub::Publish
D, [2025-09-28T03:14:53.332520 #61930] DEBUG -- Pubnub::Event: #send_request called
D, [2025-09-28T03:14:53.332666 #61930] DEBUG -- Pubnub::SingleEvent: #request_dispatcher called
D, [2025-09-28T03:14:53.332960 #61930] DEBUG -- Pubnub::Client: Looking for requester for async single_event
D, [2025-09-28T03:14:53.333018 #61930] DEBUG -- Pubnub::Event: #send_request got sender
D, [2025-09-28T03:14:53.333374 #61930] DEBUG -- Pubnub::Event: Requested URI: https://ps.pndsn.com/publish/pub-c-371423e2-0bd9-4c53-b56b-4d8589529cd7/sub-c-18ef4162-eec8-464d-8040-95b7ce1cb947/0/user.2.matches/0/%7B%22type%22%3A%22partner_left%22%2C%22timestamp%22%3A1759011293%2C%22data%22%3A%7B%22room_id%22%3A%22room_1759011274_7a4924c7%22%2C%22action%22%3A%22find_new_match%22%7D%7D?ortt=%7B%22t%22%3A17590112933308480%7D&pnsdk=PubNub-Ruby%2F5.6.0&seqn=19&store=0&uuid=server-development-45468a61
D, [2025-09-28T03:14:53.332284 #61930] DEBUG -- Pubnub::Event: Initialized Pubnub::Publish
D, [2025-09-28T03:14:53.332165 #61930] DEBUG -- Pubnub::Publish: Fired event Pubnub::Publish
D, [2025-09-28T03:14:53.336367 #61930] DEBUG -- Pubnub::Event: #send_request called
D, [2025-09-28T03:14:53.336487 #61930] DEBUG -- Pubnub::SingleEvent: #request_dispatcher called
D, [2025-09-28T03:14:53.337148 #61930] DEBUG -- Pubnub::Client: Looking for requester for async single_event
D, [2025-09-28T03:14:53.337360 #61930] DEBUG -- Pubnub::Event: #send_request got sender
D, [2025-09-28T03:14:53.337898 #61930] DEBUG -- Pubnub::Event: Requested URI: https://ps.pndsn.com/publish/pub-c-371423e2-0bd9-4c53-b56b-4d8589529cd7/sub-c-18ef4162-eec8-464d-8040-95b7ce1cb947/0/user.3.matches/0/%7B%22type%22%3A%22match_found%22%2C%22timestamp%22%3A1759011293%2C%22data%22%3A%7B%22status%22%3A%22matched%22%2C%22room_id%22%3A%22room_1759011293_02cab25b%22%2C%22match_type%22%3A%22video%22%2C%22actual_match_type%22%3A%22video%22%2C%22partner%22%3A%7B%22id%22%3A%22video%22%2C%22type%22%3A%22video%22%7D%2C%22is_initiator%22%3Atrue%2C%22session_version%22%3A%22version_1759011293_ef903675%22%2C%22video_id%22%3A1%2C%22video_url%22%3A%22https%3A%2F%2Fres.cloudinary.com%2Fdnxuijplb%2Fvideo%2Fupload%2Fv1%2Fjuicy_meets%2F34i0annr2s0d64gqw8ez3ze0b5ri.mp4%3F_a%3DBACCg%2BEv%22%2C%22video_name%22%3A%22four%22%7D%7D?ortt=%7B%22t%22%3A17590112933317010%7D&pnsdk=PubNub-Ruby%2F5.6.0&seqn=20&store=0&uuid=server-development-45468a61
D, [2025-09-28T03:14:53.336153 #61930] DEBUG -- Pubnub::Publish: Fired event Pubnub::Publish
D, [2025-09-28T03:14:53.341673 #61930] DEBUG -- Pubnub::Event: #send_request called
D, [2025-09-28T03:14:53.341806 #61930] DEBUG -- Pubnub::SingleEvent: #request_dispatcher called
D, [2025-09-28T03:14:53.341923 #61930] DEBUG -- Pubnub::Client: Looking for requester for async single_event
D, [2025-09-28T03:14:53.342022 #61930] DEBUG -- Pubnub::Event: #send_request got sender
D, [2025-09-28T03:14:53.342239 #61930] DEBUG -- Pubnub::Event: Requested URI: https://ps.pndsn.com/publish/pub-c-371423e2-0bd9-4c53-b56b-4d8589529cd7/sub-c-18ef4162-eec8-464d-8040-95b7ce1cb947/0/user.3.matches/0/%7B%22type%22%3A%22match_found%22%2C%22timestamp%22%3A1759011293%2C%22data%22%3A%7B%22status%22%3A%22matched%22%2C%22room_id%22%3A%22room_1759011293_02cab25b%22%2C%22match_type%22%3A%22video%22%2C%22actual_match_type%22%3A%22video%22%2C%22partner%22%3A%7B%22id%22%3A%22video%22%2C%22type%22%3A%22video%22%7D%2C%22is_initiator%22%3Atrue%2C%22session_version%22%3A%22version_1759011293_ef903675%22%2C%22video_id%22%3A1%2C%22video_url%22%3A%22https%3A%2F%2Fres.cloudinary.com%2Fdnxuijplb%2Fvideo%2Fupload%2Fv1%2Fjuicy_meets%2F34i0annr2s0d64gqw8ez3ze0b5ri.mp4%3F_a%3DBACCg%2BEv%22%2C%22video_name%22%3A%22four%22%7D%7D?ortt=%7B%22t%22%3A17590112933353090%7D&pnsdk=PubNub-Ruby%2F5.6.0&seqn=21&store=0&uuid=server-development-45468a61
D, [2025-09-28T03:14:53.490780 #61930] DEBUG -- Pubnub::Event: Event#handle
D, [2025-09-28T03:14:53.490926 #61930] DEBUG -- Pubnub::Event: Firing callbacks for Pubnub::Publish
D, [2025-09-28T03:14:54.096459 #61930] DEBUG -- Pubnub::Event: Event#handle
D, [2025-09-28T03:14:54.096999 #61930] DEBUG -- Pubnub::Event: Firing callbacks for Pubnub::Publish
D, [2025-09-28T03:14:54.115366 #61930] DEBUG -- Pubnub::Event: Event#handle
D, [2025-09-28T03:14:54.116151 #61930] DEBUG -- Pubnub::Event: Firing callbacks for Pubnub::Publish
D, [2025-09-28T03:14:54.209894 #61930] DEBUG -- Pubnub::Event: Event#handle
D, [2025-09-28T03:14:54.210035 #61930] DEBUG -- Pubnub::Event: Firing callbacks for Pubnub::Publish
D, [2025-09-28T03:14:54.262516 #61930] DEBUG -- Pubnub::Telemetry: Fetching telemetry for l_pub
D, [2025-09-28T03:14:54.262549 #61930] DEBUG -- Pubnub::Telemetry: Current average: 0.6549580097198486
D, [2025-09-28T03:14:54.262591 #61930] DEBUG -- Pubnub::Event: Initialized Pubnub::Publish
D, [2025-09-28T03:14:54.263114 #61930] DEBUG -- Pubnub::Publish: Fired event Pubnub::Publish
D, [2025-09-28T03:14:54.263141 #61930] DEBUG -- Pubnub::Event: #send_request called
D, [2025-09-28T03:14:54.263166 #61930] DEBUG -- Pubnub::SingleEvent: #request_dispatcher called
D, [2025-09-28T03:14:54.263221 #61930] DEBUG -- Pubnub::Client: Looking for requester for async single_event
D, [2025-09-28T03:14:54.263238 #61930] DEBUG -- Pubnub::Event: #send_request got sender
D, [2025-09-28T03:14:54.263331 #61930] DEBUG -- Pubnub::Event: Requested URI: https://ps.pndsn.com/publish/pub-c-371423e2-0bd9-4c53-b56b-4d8589529cd7/sub-c-18ef4162-eec8-464d-8040-95b7ce1cb947/0/user.2.matches/0/%7B%22type%22%3A%22queue_joined%22%2C%22timestamp%22%3A1759011294%2C%22data%22%3A%7B%22status%22%3A%22waiting%22%2C%22queue_position%22%3Anull%2C%22estimated_wait_time%22%3A30%7D%7D?l_pub=0.655&ortt=%7B%22t%22%3A17590112942626020%7D&pnsdk=PubNub-Ruby%2F5.6.0&seqn=22&store=0&uuid=server-development-45468a61
D, [2025-09-28T03:14:54.568340 #61930] DEBUG -- Pubnub::Event: Event#handle
D, [2025-09-28T03:14:54.568643 #61930] DEBUG -- Pubnub::Event: Firing callbacks for Pubnub::Publish
D, [2025-09-28T03:14:54.570793 #61930] DEBUG -- Pubnub::Event: Event#handle
D, [2025-09-28T03:14:54.570949 #61930] DEBUG -- Pubnub::Event: Firing callbacks for Pubnub::Publish
D, [2025-09-28T03:14:54.583914 #61930] DEBUG -- Pubnub::Event: Event#handle
D, [2025-09-28T03:14:54.584144 #61930] DEBUG -- Pubnub::Event: Firing callbacks for Pubnub::Publish
D, [2025-09-28T03:14:54.990304 #61930] DEBUG -- Pubnub::Telemetry: Fetching telemetry for l_pub
D, [2025-09-28T03:14:54.990336 #61930] DEBUG -- Pubnub::Telemetry: Current average: 0.9371440410614014
D, [2025-09-28T03:14:54.990380 #61930] DEBUG -- Pubnub::Event: Initialized Pubnub::Publish
D, [2025-09-28T03:14:54.990865 #61930] DEBUG -- Pubnub::Publish: Fired event Pubnub::Publish
D, [2025-09-28T03:14:54.990891 #61930] DEBUG -- Pubnub::Event: #send_request called
D, [2025-09-28T03:14:54.990908 #61930] DEBUG -- Pubnub::SingleEvent: #request_dispatcher called
D, [2025-09-28T03:14:54.990922 #61930] DEBUG -- Pubnub::Client: Looking for requester for async single_event
D, [2025-09-28T03:14:54.990931 #61930] DEBUG -- Pubnub::Event: #send_request got sender
D, [2025-09-28T03:14:54.991018 #61930] DEBUG -- Pubnub::Event: Requested URI: https://ps.pndsn.com/publish/pub-c-371423e2-0bd9-4c53-b56b-4d8589529cd7/sub-c-18ef4162-eec8-464d-8040-95b7ce1cb947/0/user.2.matches/0/%7B%22type%22%3A%22queue_joined%22%2C%22timestamp%22%3A1759011294%2C%22data%22%3A%7B%22status%22%3A%22waiting%22%2C%22queue_position%22%3Anull%2C%22estimated_wait_time%22%3A30%7D%7D?l_pub=0.937&ortt=%7B%22t%22%3A17590112949903900%7D&pnsdk=PubNub-Ruby%2F5.6.0&seqn=23&store=0&uuid=server-development-45468a61
D, [2025-09-28T03:14:55.184833 #61930] DEBUG -- Pubnub::Event: Event#handle
D, [2025-09-28T03:14:55.185129 #61930] DEBUG -- Pubnub::Event: Firing callbacks for Pubnub::Publish
D, [2025-09-28T03:14:55.361755 #61930] DEBUG -- Pubnub::Telemetry: Fetching telemetry for l_pub
D, [2025-09-28T03:14:55.361792 #61930] DEBUG -- Pubnub::Telemetry: Current average: 0.19382190704345703
D, [2025-09-28T03:14:55.361842 #61930] DEBUG -- Pubnub::Event: Initialized Pubnub::Publish
D, [2025-09-28T03:14:55.362424 #61930] DEBUG -- Pubnub::Publish: Fired event Pubnub::Publish
D, [2025-09-28T03:14:55.362455 #61930] DEBUG -- Pubnub::Event: #send_request called
D, [2025-09-28T03:14:55.362476 #61930] DEBUG -- Pubnub::SingleEvent: #request_dispatcher called
D, [2025-09-28T03:14:55.362488 #61930] DEBUG -- Pubnub::Client: Looking for requester for async single_event
D, [2025-09-28T03:14:55.362499 #61930] DEBUG -- Pubnub::Event: #send_request got sender
D, [2025-09-28T03:14:55.362598 #61930] DEBUG -- Pubnub::Event: Requested URI: https://ps.pndsn.com/publish/pub-c-371423e2-0bd9-4c53-b56b-4d8589529cd7/sub-c-18ef4162-eec8-464d-8040-95b7ce1cb947/0/user.2.matches/0/%7B%22type%22%3A%22queue_joined%22%2C%22timestamp%22%3A1759011295%2C%22data%22%3A%7B%22status%22%3A%22waiting%22%2C%22queue_position%22%3Anull%2C%22estimated_wait_time%22%3A30%7D%7D?l_pub=0.194&ortt=%7B%22t%22%3A17590112953618600%7D&pnsdk=PubNub-Ruby%2F5.6.0&seqn=24&store=0&uuid=server-development-45468a61
D, [2025-09-28T03:14:55.555015 #61930] DEBUG -- Pubnub::Event: Event#handle
D, [2025-09-28T03:14:55.555238 #61930] DEBUG -- Pubnub::Event: Firing callbacks for Pubnub::Publish
D, [2025-09-28T03:14:57.053562 #61930] DEBUG -- Pubnub::Telemetry: Fetching telemetry for l_pub
D, [2025-09-28T03:14:57.053612 #61930] DEBUG -- Pubnub::Telemetry: Current average: 0.19243907928466797
D, [2025-09-28T03:14:57.053720 #61930] DEBUG -- Pubnub::Event: Initialized Pubnub::Publish
D, [2025-09-28T03:14:57.054197 #61930] DEBUG -- Pubnub::Publish: Fired event Pubnub::Publish
D, [2025-09-28T03:14:57.054290 #61930] DEBUG -- Pubnub::Event: #send_request called
D, [2025-09-28T03:14:57.054975 #61930] DEBUG -- Pubnub::SingleEvent: #request_dispatcher called
D, [2025-09-28T03:14:57.055001 #61930] DEBUG -- Pubnub::Client: Looking for requester for async single_event
D, [2025-09-28T03:14:57.055016 #61930] DEBUG -- Pubnub::Event: #send_request got sender
D, [2025-09-28T03:14:57.055139 #61930] DEBUG -- Pubnub::Event: Requested URI: https://ps.pndsn.com/publish/pub-c-371423e2-0bd9-4c53-b56b-4d8589529cd7/sub-c-18ef4162-eec8-464d-8040-95b7ce1cb947/0/user.2.matches/0/%7B%22type%22%3A%22match_failed%22%2C%22timestamp%22%3A1759011297%2C%22data%22%3A%7B%22status%22%3A%22no_match%22%2C%22reason%22%3A%22Staff%20users%20wait%20for%20real%20app%20users%20only%20-%20none%20currently%20available%22%2C%22retry_suggested%22%3Atrue%7D%7D?l_pub=0.192&ortt=%7B%22t%22%3A17590112970538030%7D&pnsdk=PubNub-Ruby%2F5.6.0&seqn=25&store=0&uuid=server-development-45468a61
D, [2025-09-28T03:14:57.251584 #61930] DEBUG -- Pubnub::Event: Event#handle
D, [2025-09-28T03:14:57.251795 #61930] DEBUG -- Pubnub::Event: Firing callbacks for Pubnub::Publish
D, [2025-09-28T03:14:57.431268 #61930] DEBUG -- Pubnub::Telemetry: Fetching telemetry for l_pub
D, [2025-09-28T03:14:57.431318 #61930] DEBUG -- Pubnub::Telemetry: Current average: 0.1964871883392334
D, [2025-09-28T03:14:57.431360 #61930] DEBUG -- Pubnub::Event: Initialized Pubnub::Publish
D, [2025-09-28T03:14:57.431506 #61930] DEBUG -- Pubnub::Publish: Fired event Pubnub::Publish
D, [2025-09-28T03:14:57.431533 #61930] DEBUG -- Pubnub::Event: #send_request called
D, [2025-09-28T03:14:57.431559 #61930] DEBUG -- Pubnub::SingleEvent: #request_dispatcher called
D, [2025-09-28T03:14:57.431598 #61930] DEBUG -- Pubnub::Client: Looking for requester for async single_event
D, [2025-09-28T03:14:57.431616 #61930] DEBUG -- Pubnub::Event: #send_request got sender
D, [2025-09-28T03:14:57.431753 #61930] DEBUG -- Pubnub::Event: Requested URI: https://ps.pndsn.com/publish/pub-c-371423e2-0bd9-4c53-b56b-4d8589529cd7/sub-c-18ef4162-eec8-464d-8040-95b7ce1cb947/0/user.2.matches/0/%7B%22type%22%3A%22match_failed%22%2C%22timestamp%22%3A1759011297%2C%22data%22%3A%7B%22status%22%3A%22no_match%22%2C%22reason%22%3A%22Staff%20users%20wait%20for%20real%20app%20users%20only%20-%20none%20currently%20available%22%2C%22retry_suggested%22%3Atrue%7D%7D?l_pub=0.196&ortt=%7B%22t%22%3A17590112974313732%7D&pnsdk=PubNub-Ruby%2F5.6.0&seqn=26&store=0&uuid=server-development-45468a61
D, [2025-09-28T03:14:57.431523 #61930] DEBUG -- Pubnub::Telemetry: Fetching telemetry for l_pub
D, [2025-09-28T03:14:57.432163 #61930] DEBUG -- Pubnub::Event: Initialized Pubnub::Publish
D, [2025-09-28T03:14:57.432432 #61930] DEBUG -- Pubnub::Publish: Fired event Pubnub::Publish
D, [2025-09-28T03:14:57.432491 #61930] DEBUG -- Pubnub::Event: #send_request called
D, [2025-09-28T03:14:57.432957 #61930] DEBUG -- Pubnub::SingleEvent: #request_dispatcher called
D, [2025-09-28T03:14:57.432974 #61930] DEBUG -- Pubnub::Client: Looking for requester for async single_event
D, [2025-09-28T03:14:57.432983 #61930] DEBUG -- Pubnub::Event: #send_request got sender
D, [2025-09-28T03:14:57.433062 #61930] DEBUG -- Pubnub::Event: Requested URI: https://ps.pndsn.com/publish/pub-c-371423e2-0bd9-4c53-b56b-4d8589529cd7/sub-c-18ef4162-eec8-464d-8040-95b7ce1cb947/0/user.2.matches/0/%7B%22type%22%3A%22queue_joined%22%2C%22timestamp%22%3A1759011297%2C%22data%22%3A%7B%22status%22%3A%22waiting%22%2C%22queue_position%22%3Anull%2C%22estimated_wait_time%22%3A30%7D%7D?ortt=%7B%22t%22%3A17590112974321852%7D&pnsdk=PubNub-Ruby%2F5.6.0&seqn=27&store=0&uuid=server-development-45468a61
D, [2025-09-28T03:14:57.627033 #61930] DEBUG -- Pubnub::Event: Event#handle
D, [2025-09-28T03:14:57.627697 #61930] DEBUG -- Pubnub::Event: Firing callbacks for Pubnub::Publish
D, [2025-09-28T03:14:57.627353 #61930] DEBUG -- Pubnub::Event: Event#handle
D, [2025-09-28T03:14:57.627821 #61930] DEBUG -- Pubnub::Event: Firing callbacks for Pubnub::Publish
D, [2025-09-28T03:16:39.451835 #61930] DEBUG -- Pubnub::Telemetry: Fetching telemetry for l_pub
D, [2025-09-28T03:16:39.452012 #61930] DEBUG -- Pubnub::Telemetry: Current average: 0.19482946395874023
D, [2025-09-28T03:16:39.452095 #61930] DEBUG -- Pubnub::Event: Initialized Pubnub::Publish
D, [2025-09-28T03:16:39.452878 #61930] DEBUG -- Pubnub::Publish: Fired event Pubnub::Publish
D, [2025-09-28T03:16:39.452914 #61930] DEBUG -- Pubnub::Event: #send_request called
D, [2025-09-28T03:16:39.452929 #61930] DEBUG -- Pubnub::SingleEvent: #request_dispatcher called
D, [2025-09-28T03:16:39.452941 #61930] DEBUG -- Pubnub::Client: Looking for requester for async single_event
D, [2025-09-28T03:16:39.452951 #61930] DEBUG -- Pubnub::Event: #send_request got sender
D, [2025-09-28T03:16:39.453053 #61930] DEBUG -- Pubnub::Event: Requested URI: https://ps.pndsn.com/publish/pub-c-371423e2-0bd9-4c53-b56b-4d8589529cd7/sub-c-18ef4162-eec8-464d-8040-95b7ce1cb947/0/user.3.matches/0/%7B%22type%22%3A%22queue_joined%22%2C%22timestamp%22%3A1759011399%2C%22data%22%3A%7B%22status%22%3A%22waiting%22%2C%22queue_position%22%3Anull%2C%22estimated_wait_time%22%3A30%7D%7D?l_pub=0.195&ortt=%7B%22t%22%3A17590113994521120%7D&pnsdk=PubNub-Ruby%2F5.6.0&seqn=28&store=0&uuid=server-development-45468a61
D, [2025-09-28T03:16:39.464342 #61930] DEBUG -- Pubnub::Telemetry: Fetching telemetry for l_pub
D, [2025-09-28T03:16:39.464415 #61930] DEBUG -- Pubnub::Event: Initialized Pubnub::Publish
D, [2025-09-28T03:16:39.464670 #61930] DEBUG -- Pubnub::Publish: Fired event Pubnub::Publish
D, [2025-09-28T03:16:39.464834 #61930] DEBUG -- Pubnub::Event: #send_request called
D, [2025-09-28T03:16:39.464865 #61930] DEBUG -- Pubnub::SingleEvent: #request_dispatcher called
D, [2025-09-28T03:16:39.464889 #61930] DEBUG -- Pubnub::Client: Looking for requester for async single_event
D, [2025-09-28T03:16:39.464915 #61930] DEBUG -- Pubnub::Event: #send_request got sender
D, [2025-09-28T03:16:39.465019 #61930] DEBUG -- Pubnub::Event: Requested URI: https://ps.pndsn.com/publish/pub-c-371423e2-0bd9-4c53-b56b-4d8589529cd7/sub-c-18ef4162-eec8-464d-8040-95b7ce1cb947/0/vc.room_1759011399_1519bfd1/0/%7B%22type%22%3A%22prepare_connection%22%2C%22from%22%3A%223%22%2C%22to%22%3A%222%22%2C%22session_version%22%3A%22version_1759011399_ddabc6e2%22%2C%22timestamp%22%3A1759011399%7D?ortt=%7B%22t%22%3A17590113994644270%7D&pnsdk=PubNub-Ruby%2F5.6.0&seqn=29&store=0&uuid=server-development-45468a61
D, [2025-09-28T03:16:39.464854 #61930] DEBUG -- Pubnub::Telemetry: Fetching telemetry for l_pub
D, [2025-09-28T03:16:39.465315 #61930] DEBUG -- Pubnub::Event: Initialized Pubnub::Publish
D, [2025-09-28T03:16:39.465388 #61930] DEBUG -- Pubnub::Publish: Fired event Pubnub::Publish
D, [2025-09-28T03:16:39.465400 #61930] DEBUG -- Pubnub::Event: #send_request called
D, [2025-09-28T03:16:39.465410 #61930] DEBUG -- Pubnub::SingleEvent: #request_dispatcher called
D, [2025-09-28T03:16:39.465418 #61930] DEBUG -- Pubnub::Client: Looking for requester for async single_event
D, [2025-09-28T03:16:39.465427 #61930] DEBUG -- Pubnub::Event: #send_request got sender
D, [2025-09-28T03:16:39.465503 #61930] DEBUG -- Pubnub::Event: Requested URI: https://ps.pndsn.com/publish/pub-c-371423e2-0bd9-4c53-b56b-4d8589529cd7/sub-c-18ef4162-eec8-464d-8040-95b7ce1cb947/0/user.3.matches/0/%7B%22type%22%3A%22match_found%22%2C%22timestamp%22%3A1759011399%2C%22data%22%3A%7B%22status%22%3A%22matched%22%2C%22room_id%22%3A%22room_1759011399_1519bfd1%22%2C%22match_type%22%3A%22staff%22%2C%22actual_match_type%22%3A%22staff%22%2C%22partner%22%3A%7B%22id%22%3A2%2C%22type%22%3A%22staff%22%7D%2C%22is_initiator%22%3Afalse%2C%22session_version%22%3A%22version_1759011399_ddabc6e2%22%2C%22video_id%22%3Anull%2C%22video_url%22%3Anull%2C%22video_name%22%3Anull%7D%7D?ortt=%7B%22t%22%3A17590113994653408%7D&pnsdk=PubNub-Ruby%2F5.6.0&seqn=30&store=0&uuid=server-development-45468a61
D, [2025-09-28T03:16:39.466491 #61930] DEBUG -- Pubnub::Telemetry: Fetching telemetry for l_pub
D, [2025-09-28T03:16:39.466689 #61930] DEBUG -- Pubnub::Telemetry: Fetching telemetry for l_pub
D, [2025-09-28T03:16:39.466722 #61930] DEBUG -- Pubnub::Event: Initialized Pubnub::Publish
D, [2025-09-28T03:16:39.467457 #61930] DEBUG -- Pubnub::Telemetry: Fetching telemetry for l_pub
D, [2025-09-28T03:16:39.467033 #61930] DEBUG -- Pubnub::Event: Initialized Pubnub::Publish
D, [2025-09-28T03:16:39.467503 #61930] DEBUG -- Pubnub::Publish: Fired event Pubnub::Publish
D, [2025-09-28T03:16:39.468030 #61930] DEBUG -- Pubnub::Event: #send_request called
D, [2025-09-28T03:16:39.468226 #61930] DEBUG -- Pubnub::SingleEvent: #request_dispatcher called
D, [2025-09-28T03:16:39.468280 #61930] DEBUG -- Pubnub::Client: Looking for requester for async single_event
D, [2025-09-28T03:16:39.468501 #61930] DEBUG -- Pubnub::Event: #send_request got sender
D, [2025-09-28T03:16:39.468636 #61930] DEBUG -- Pubnub::Event: Requested URI: https://ps.pndsn.com/publish/pub-c-371423e2-0bd9-4c53-b56b-4d8589529cd7/sub-c-18ef4162-eec8-464d-8040-95b7ce1cb947/0/user.2.matches/0/%7B%22type%22%3A%22match_found%22%2C%22timestamp%22%3A1759011399%2C%22data%22%3A%7B%22status%22%3A%22matched%22%2C%22room_id%22%3A%22room_1759011399_1519bfd1%22%2C%22match_type%22%3A%22staff%22%2C%22actual_match_type%22%3A%22staff%22%2C%22partner%22%3A%7B%22id%22%3A3%2C%22type%22%3A%22staff%22%7D%2C%22is_initiator%22%3Atrue%2C%22session_version%22%3A%22version_1759011399_ddabc6e2%22%2C%22video_id%22%3Anull%2C%22video_url%22%3Anull%2C%22video_name%22%3Anull%7D%7D?ortt=%7B%22t%22%3A17590113994672220%7D&pnsdk=PubNub-Ruby%2F5.6.0&seqn=31&store=0&uuid=server-development-45468a61
D, [2025-09-28T03:16:39.467967 #61930] DEBUG -- Pubnub::Publish: Fired event Pubnub::Publish
D, [2025-09-28T03:16:39.469509 #61930] DEBUG -- Pubnub::Event: #send_request called
D, [2025-09-28T03:16:39.469618 #61930] DEBUG -- Pubnub::SingleEvent: #request_dispatcher called
D, [2025-09-28T03:16:39.469757 #61930] DEBUG -- Pubnub::Client: Looking for requester for async single_event
D, [2025-09-28T03:16:39.470161 #61930] DEBUG -- Pubnub::Event: #send_request got sender
D, [2025-09-28T03:16:39.470362 #61930] DEBUG -- Pubnub::Event: Requested URI: https://ps.pndsn.com/publish/pub-c-371423e2-0bd9-4c53-b56b-4d8589529cd7/sub-c-18ef4162-eec8-464d-8040-95b7ce1cb947/0/user.3.matches/0/%7B%22type%22%3A%22match_found%22%2C%22timestamp%22%3A1759011399%2C%22data%22%3A%7B%22status%22%3A%22matched%22%2C%22room_id%22%3A%22room_1759011399_1519bfd1%22%2C%22match_type%22%3A%22staff%22%2C%22actual_match_type%22%3A%22staff%22%2C%22partner%22%3A%7B%22id%22%3A2%2C%22type%22%3A%22staff%22%7D%2C%22is_initiator%22%3Afalse%2C%22session_version%22%3A%22version_1759011399_ddabc6e2%22%2C%22video_id%22%3Anull%2C%22video_url%22%3Anull%2C%22video_name%22%3Anull%7D%7D?ortt=%7B%22t%22%3A17590113994678090%7D&pnsdk=PubNub-Ruby%2F5.6.0&seqn=32&store=0&uuid=server-development-45468a61
D, [2025-09-28T03:16:39.467794 #61930] DEBUG -- Pubnub::Event: Initialized Pubnub::Publish
D, [2025-09-28T03:16:39.471164 #61930] DEBUG -- Pubnub::Publish: Fired event Pubnub::Publish
D, [2025-09-28T03:16:39.471215 #61930] DEBUG -- Pubnub::Event: #send_request called
D, [2025-09-28T03:16:39.471239 #61930] DEBUG -- Pubnub::SingleEvent: #request_dispatcher called
D, [2025-09-28T03:16:39.471262 #61930] DEBUG -- Pubnub::Client: Looking for requester for async single_event
D, [2025-09-28T03:16:39.471309 #61930] DEBUG -- Pubnub::Event: #send_request got sender
D, [2025-09-28T03:16:39.471628 #61930] DEBUG -- Pubnub::Event: Requested URI: https://ps.pndsn.com/publish/pub-c-371423e2-0bd9-4c53-b56b-4d8589529cd7/sub-c-18ef4162-eec8-464d-8040-95b7ce1cb947/0/user.2.matches/0/%7B%22type%22%3A%22match_found%22%2C%22timestamp%22%3A1759011399%2C%22data%22%3A%7B%22status%22%3A%22matched%22%2C%22room_id%22%3A%22room_1759011399_1519bfd1%22%2C%22match_type%22%3A%22staff%22%2C%22actual_match_type%22%3A%22staff%22%2C%22partner%22%3A%7B%22id%22%3A3%2C%22type%22%3A%22staff%22%7D%2C%22is_initiator%22%3Atrue%2C%22session_version%22%3A%22version_1759011399_ddabc6e2%22%2C%22video_id%22%3Anull%2C%22video_url%22%3Anull%2C%22video_name%22%3Anull%7D%7D?ortt=%7B%22t%22%3A17590113994709918%7D&pnsdk=PubNub-Ruby%2F5.6.0&seqn=33&store=0&uuid=server-development-45468a61
D, [2025-09-28T03:16:40.343702 #61930] DEBUG -- Pubnub::Event: Event#handle
D, [2025-09-28T03:16:40.344816 #61930] DEBUG -- Pubnub::Event: Firing callbacks for Pubnub::Publish
D, [2025-09-28T03:16:40.360226 #61930] DEBUG -- Pubnub::Event: Event#handle
D, [2025-09-28T03:16:40.360669 #61930] DEBUG -- Pubnub::Event: Firing callbacks for Pubnub::Publish
D, [2025-09-28T03:16:40.407884 #61930] DEBUG -- Pubnub::Event: Event#handle
D, [2025-09-28T03:16:40.408090 #61930] DEBUG -- Pubnub::Event: Firing callbacks for Pubnub::Publish
D, [2025-09-28T03:16:40.440303 #61930] DEBUG -- Pubnub::Event: Event#handle
D, [2025-09-28T03:16:40.440465 #61930] DEBUG -- Pubnub::Event: Firing callbacks for Pubnub::Publish
D, [2025-09-28T03:16:40.451971 #61930] DEBUG -- Pubnub::Event: Event#handle
D, [2025-09-28T03:16:40.452099 #61930] DEBUG -- Pubnub::Event: Firing callbacks for Pubnub::Publish
D, [2025-09-28T03:16:40.729652 #61930] DEBUG -- Pubnub::Event: Event#handle
D, [2025-09-28T03:16:40.730374 #61930] DEBUG -- Pubnub::Event: Firing callbacks for Pubnub::Publish
D, [2025-09-28T03:21:33.372377 #61930] DEBUG -- Pubnub::Telemetry: Fetching telemetry for l_pub
D, [2025-09-28T03:21:33.372697 #61930] DEBUG -- Pubnub::Telemetry: Current average: 0.9898473024368286
D, [2025-09-28T03:21:33.372784 #61930] DEBUG -- Pubnub::Event: Initialized Pubnub::Publish
D, [2025-09-28T03:21:33.373494 #61930] DEBUG -- Pubnub::Publish: Fired event Pubnub::Publish
D, [2025-09-28T03:21:33.373636 #61930] DEBUG -- Pubnub::Event: #send_request called
D, [2025-09-28T03:21:33.373972 #61930] DEBUG -- Pubnub::SingleEvent: #request_dispatcher called
D, [2025-09-28T03:21:33.374006 #61930] DEBUG -- Pubnub::Client: Looking for requester for async single_event
D, [2025-09-28T03:21:33.374040 #61930] DEBUG -- Pubnub::Event: #send_request got sender
D, [2025-09-28T03:21:33.374134 #61930] DEBUG -- Pubnub::Event: Requested URI: https://ps.pndsn.com/publish/pub-c-371423e2-0bd9-4c53-b56b-4d8589529cd7/sub-c-18ef4162-eec8-464d-8040-95b7ce1cb947/0/user.3.matches/0/%7B%22type%22%3A%22queue_joined%22%2C%22timestamp%22%3A1759011693%2C%22data%22%3A%7B%22status%22%3A%22waiting%22%2C%22queue_position%22%3Anull%2C%22estimated_wait_time%22%3A30%7D%7D?l_pub=0.99&ortt=%7B%22t%22%3A17590116933728280%7D&pnsdk=PubNub-Ruby%2F5.6.0&seqn=34&store=0&uuid=server-development-45468a61
D, [2025-09-28T03:21:33.451917 #61930] DEBUG -- Pubnub::Telemetry: Fetching telemetry for l_pub
D, [2025-09-28T03:21:33.452081 #61930] DEBUG -- Pubnub::Event: Initialized Pubnub::Publish
D, [2025-09-28T03:21:33.452611 #61930] DEBUG -- Pubnub::Publish: Fired event Pubnub::Publish
D, [2025-09-28T03:21:33.452644 #61930] DEBUG -- Pubnub::Event: #send_request called
D, [2025-09-28T03:21:33.452685 #61930] DEBUG -- Pubnub::SingleEvent: #request_dispatcher called
D, [2025-09-28T03:21:33.452703 #61930] DEBUG -- Pubnub::Client: Looking for requester for async single_event
D, [2025-09-28T03:21:33.452713 #61930] DEBUG -- Pubnub::Event: #send_request got sender
D, [2025-09-28T03:21:33.452852 #61930] DEBUG -- Pubnub::Event: Requested URI: https://ps.pndsn.com/publish/pub-c-371423e2-0bd9-4c53-b56b-4d8589529cd7/sub-c-18ef4162-eec8-464d-8040-95b7ce1cb947/0/user.3.matches/0/%7B%22type%22%3A%22match_found%22%2C%22timestamp%22%3A1759011693%2C%22data%22%3A%7B%22status%22%3A%22matched%22%2C%22room_id%22%3A%22room_1759011693_a94c5618%22%2C%22match_type%22%3A%22video%22%2C%22actual_match_type%22%3A%22video%22%2C%22partner%22%3A%7B%22id%22%3A%22video%22%2C%22type%22%3A%22video%22%7D%2C%22is_initiator%22%3Atrue%2C%22session_version%22%3A%22version_1759011693_b5f383cd%22%2C%22video_id%22%3A1%2C%22video_url%22%3A%22https%3A%2F%2Fres.cloudinary.com%2Fdnxuijplb%2Fvideo%2Fupload%2Fv1%2Fjuicy_meets%2F34i0annr2s0d64gqw8ez3ze0b5ri.mp4%3F_a%3DBACCg%2BEv%22%2C%22video_name%22%3A%22four%22%7D%7D?ortt=%7B%22t%22%3A17590116934521270%7D&pnsdk=PubNub-Ruby%2F5.6.0&seqn=35&store=0&uuid=server-development-45468a61
D, [2025-09-28T03:21:34.145556 #61930] DEBUG -- Pubnub::Event: Event#handle
D, [2025-09-28T03:21:34.145827 #61930] DEBUG -- Pubnub::Event: Firing callbacks for Pubnub::Publish
D, [2025-09-28T03:21:34.316448 #61930] DEBUG -- Pubnub::Event: Event#handle
D, [2025-09-28T03:21:34.316923 #61930] DEBUG -- Pubnub::Event: Firing callbacks for Pubnub::Publish
D, [2025-09-28T03:21:38.754766 #61930] DEBUG -- Pubnub::Telemetry: Fetching telemetry for l_pub
D, [2025-09-28T03:21:38.754804 #61930] DEBUG -- Pubnub::Telemetry: Current average: 0.8174158334732056
D, [2025-09-28T03:21:38.754846 #61930] DEBUG -- Pubnub::Event: Initialized Pubnub::Publish
D, [2025-09-28T03:21:38.755326 #61930] DEBUG -- Pubnub::Publish: Fired event Pubnub::Publish
D, [2025-09-28T03:21:38.755345 #61930] DEBUG -- Pubnub::Event: #send_request called
D, [2025-09-28T03:21:38.755360 #61930] DEBUG -- Pubnub::SingleEvent: #request_dispatcher called
D, [2025-09-28T03:21:38.755379 #61930] DEBUG -- Pubnub::Client: Looking for requester for async single_event
D, [2025-09-28T03:21:38.755395 #61930] DEBUG -- Pubnub::Event: #send_request got sender
D, [2025-09-28T03:21:38.755484 #61930] DEBUG -- Pubnub::Event: Requested URI: https://ps.pndsn.com/publish/pub-c-371423e2-0bd9-4c53-b56b-4d8589529cd7/sub-c-18ef4162-eec8-464d-8040-95b7ce1cb947/0/user.2.matches/0/%7B%22type%22%3A%22queue_joined%22%2C%22timestamp%22%3A1759011698%2C%22data%22%3A%7B%22status%22%3A%22waiting%22%2C%22queue_position%22%3Anull%2C%22estimated_wait_time%22%3A30%7D%7D?l_pub=0.817&ortt=%7B%22t%22%3A17590116987548580%7D&pnsdk=PubNub-Ruby%2F5.6.0&seqn=36&store=0&uuid=server-development-45468a61
D, [2025-09-28T03:21:38.946615 #61930] DEBUG -- Pubnub::Event: Event#handle
D, [2025-09-28T03:21:38.946926 #61930] DEBUG -- Pubnub::Event: Firing callbacks for Pubnub::Publish
D, [2025-09-28T03:21:40.821385 #61930] DEBUG -- Pubnub::Telemetry: Fetching telemetry for l_pub
D, [2025-09-28T03:21:40.821523 #61930] DEBUG -- Pubnub::Telemetry: Current average: 0.19111990928649902
D, [2025-09-28T03:21:40.821664 #61930] DEBUG -- Pubnub::Event: Initialized Pubnub::Publish
D, [2025-09-28T03:21:40.822668 #61930] DEBUG -- Pubnub::Publish: Fired event Pubnub::Publish
D, [2025-09-28T03:21:40.822816 #61930] DEBUG -- Pubnub::Event: #send_request called
D, [2025-09-28T03:21:40.825889 #61930] DEBUG -- Pubnub::SingleEvent: #request_dispatcher called
D, [2025-09-28T03:21:40.826086 #61930] DEBUG -- Pubnub::Client: Looking for requester for async single_event
D, [2025-09-28T03:21:40.826125 #61930] DEBUG -- Pubnub::Event: #send_request got sender
D, [2025-09-28T03:21:40.826440 #61930] DEBUG -- Pubnub::Event: Requested URI: https://ps.pndsn.com/publish/pub-c-371423e2-0bd9-4c53-b56b-4d8589529cd7/sub-c-18ef4162-eec8-464d-8040-95b7ce1cb947/0/user.2.matches/0/%7B%22type%22%3A%22match_failed%22%2C%22timestamp%22%3A1759011700%2C%22data%22%3A%7B%22status%22%3A%22no_match%22%2C%22reason%22%3A%22Staff%20users%20wait%20for%20real%20app%20users%20only%20-%20none%20currently%20available%22%2C%22retry_suggested%22%3Atrue%7D%7D?l_pub=0.191&ortt=%7B%22t%22%3A17590117008217048%7D&pnsdk=PubNub-Ruby%2F5.6.0&seqn=37&store=0&uuid=server-development-45468a61
D, [2025-09-28T03:21:41.017827 #61930] DEBUG -- Pubnub::Event: Event#handle
D, [2025-09-28T03:21:41.018603 #61930] DEBUG -- Pubnub::Event: Firing callbacks for Pubnub::Publish
D, [2025-09-28T03:21:44.404011 #61930] DEBUG -- Pubnub::Telemetry: Fetching telemetry for l_pub
D, [2025-09-28T03:21:44.404116 #61930] DEBUG -- Pubnub::Telemetry: Current average: 0.19146108627319336
D, [2025-09-28T03:21:44.404316 #61930] DEBUG -- Pubnub::Event: Initialized Pubnub::Publish
D, [2025-09-28T03:21:44.405567 #61930] DEBUG -- Pubnub::Publish: Fired event Pubnub::Publish
D, [2025-09-28T03:21:44.405625 #61930] DEBUG -- Pubnub::Event: #send_request called
D, [2025-09-28T03:21:44.405653 #61930] DEBUG -- Pubnub::SingleEvent: #request_dispatcher called
D, [2025-09-28T03:21:44.405688 #61930] DEBUG -- Pubnub::Client: Looking for requester for async single_event
D, [2025-09-28T03:21:44.405716 #61930] DEBUG -- Pubnub::Event: #send_request got sender
D, [2025-09-28T03:21:44.405936 #61930] DEBUG -- Pubnub::Event: Requested URI: https://ps.pndsn.com/publish/pub-c-371423e2-0bd9-4c53-b56b-4d8589529cd7/sub-c-18ef4162-eec8-464d-8040-95b7ce1cb947/0/user.2.matches/0/%7B%22type%22%3A%22queue_joined%22%2C%22timestamp%22%3A1759011704%2C%22data%22%3A%7B%22status%22%3A%22waiting%22%2C%22queue_position%22%3Anull%2C%22estimated_wait_time%22%3A30%7D%7D?l_pub=0.191&ortt=%7B%22t%22%3A17590117044043770%7D&pnsdk=PubNub-Ruby%2F5.6.0&seqn=38&store=0&uuid=server-development-45468a61
D, [2025-09-28T03:21:44.612679 #61930] DEBUG -- Pubnub::Event: Event#handle
D, [2025-09-28T03:21:44.612969 #61930] DEBUG -- Pubnub::Event: Firing callbacks for Pubnub::Publish
D, [2025-09-28T03:21:46.453898 #61930] DEBUG -- Pubnub::Telemetry: Fetching telemetry for l_pub
D, [2025-09-28T03:21:46.454015 #61930] DEBUG -- Pubnub::Telemetry: Current average: 0.2068312168121338
D, [2025-09-28T03:21:46.454123 #61930] DEBUG -- Pubnub::Event: Initialized Pubnub::Publish
D, [2025-09-28T03:21:46.454594 #61930] DEBUG -- Pubnub::Publish: Fired event Pubnub::Publish
D, [2025-09-28T03:21:46.454672 #61930] DEBUG -- Pubnub::Event: #send_request called
D, [2025-09-28T03:21:46.455902 #61930] DEBUG -- Pubnub::SingleEvent: #request_dispatcher called
D, [2025-09-28T03:21:46.455967 #61930] DEBUG -- Pubnub::Client: Looking for requester for async single_event
D, [2025-09-28T03:21:46.455992 #61930] DEBUG -- Pubnub::Event: #send_request got sender
D, [2025-09-28T03:21:46.456282 #61930] DEBUG -- Pubnub::Event: Requested URI: https://ps.pndsn.com/publish/pub-c-371423e2-0bd9-4c53-b56b-4d8589529cd7/sub-c-18ef4162-eec8-464d-8040-95b7ce1cb947/0/user.2.matches/0/%7B%22type%22%3A%22match_failed%22%2C%22timestamp%22%3A1759011706%2C%22data%22%3A%7B%22status%22%3A%22no_match%22%2C%22reason%22%3A%22Staff%20users%20wait%20for%20real%20app%20users%20only%20-%20none%20currently%20available%22%2C%22retry_suggested%22%3Atrue%7D%7D?l_pub=0.207&ortt=%7B%22t%22%3A17590117064541550%7D&pnsdk=PubNub-Ruby%2F5.6.0&seqn=39&store=0&uuid=server-development-45468a61
D, [2025-09-28T03:21:46.650574 #61930] DEBUG -- Pubnub::Event: Event#handle
D, [2025-09-28T03:21:46.651329 #61930] DEBUG -- Pubnub::Event: Firing callbacks for Pubnub::Publish
D, [2025-09-28T03:22:32.581279 #61930] DEBUG -- Pubnub::Telemetry: Fetching telemetry for l_pub
D, [2025-09-28T03:22:32.581335 #61930] DEBUG -- Pubnub::Telemetry: Current average: 0.19406390190124512
D, [2025-09-28T03:22:32.581376 #61930] DEBUG -- Pubnub::Event: Initialized Pubnub::Publish
D, [2025-09-28T03:22:32.582199 #61930] DEBUG -- Pubnub::Publish: Fired event Pubnub::Publish
D, [2025-09-28T03:22:32.582238 #61930] DEBUG -- Pubnub::Event: #send_request called
D, [2025-09-28T03:22:32.582256 #61930] DEBUG -- Pubnub::SingleEvent: #request_dispatcher called
D, [2025-09-28T03:22:32.582281 #61930] DEBUG -- Pubnub::Client: Looking for requester for async single_event
D, [2025-09-28T03:22:32.582314 #61930] DEBUG -- Pubnub::Event: #send_request got sender
D, [2025-09-28T03:22:32.582422 #61930] DEBUG -- Pubnub::Event: Requested URI: https://ps.pndsn.com/publish/pub-c-371423e2-0bd9-4c53-b56b-4d8589529cd7/sub-c-18ef4162-eec8-464d-8040-95b7ce1cb947/0/user.3.matches/0/%7B%22type%22%3A%22queue_joined%22%2C%22timestamp%22%3A1759011752%2C%22data%22%3A%7B%22status%22%3A%22waiting%22%2C%22queue_position%22%3Anull%2C%22estimated_wait_time%22%3A30%7D%7D?l_pub=0.194&ortt=%7B%22t%22%3A17590117525813880%7D&pnsdk=PubNub-Ruby%2F5.6.0&seqn=40&store=0&uuid=server-development-45468a61
D, [2025-09-28T03:22:32.615344 #61930] DEBUG -- Pubnub::Telemetry: Fetching telemetry for l_pub
D, [2025-09-28T03:22:32.615410 #61930] DEBUG -- Pubnub::Event: Initialized Pubnub::Publish
D, [2025-09-28T03:22:32.615577 #61930] DEBUG -- Pubnub::Publish: Fired event Pubnub::Publish
D, [2025-09-28T03:22:32.615884 #61930] DEBUG -- Pubnub::Event: #send_request called
D, [2025-09-28T03:22:32.616031 #61930] DEBUG -- Pubnub::SingleEvent: #request_dispatcher called
D, [2025-09-28T03:22:32.616064 #61930] DEBUG -- Pubnub::Client: Looking for requester for async single_event
D, [2025-09-28T03:22:32.616122 #61930] DEBUG -- Pubnub::Event: #send_request got sender
D, [2025-09-28T03:22:32.616241 #61930] DEBUG -- Pubnub::Event: Requested URI: https://ps.pndsn.com/publish/pub-c-371423e2-0bd9-4c53-b56b-4d8589529cd7/sub-c-18ef4162-eec8-464d-8040-95b7ce1cb947/0/vc.room_1759011752_a1e668ec/0/%7B%22type%22%3A%22prepare_connection%22%2C%22from%22%3A%223%22%2C%22to%22%3A%222%22%2C%22session_version%22%3A%22version_1759011752_214e0bfb%22%2C%22timestamp%22%3A1759011752%7D?ortt=%7B%22t%22%3A17590117526154330%7D&pnsdk=PubNub-Ruby%2F5.6.0&seqn=41&store=0&uuid=server-development-45468a61
D, [2025-09-28T03:22:32.616047 #61930] DEBUG -- Pubnub::Telemetry: Fetching telemetry for l_pub
D, [2025-09-28T03:22:32.616652 #61930] DEBUG -- Pubnub::Event: Initialized Pubnub::Publish
D, [2025-09-28T03:22:32.616877 #61930] DEBUG -- Pubnub::Publish: Fired event Pubnub::Publish
D, [2025-09-28T03:22:32.617075 #61930] DEBUG -- Pubnub::Event: #send_request called
D, [2025-09-28T03:22:32.617348 #61930] DEBUG -- Pubnub::SingleEvent: #request_dispatcher called
D, [2025-09-28T03:22:32.617452 #61930] DEBUG -- Pubnub::Client: Looking for requester for async single_event
D, [2025-09-28T03:22:32.617469 #61930] DEBUG -- Pubnub::Event: #send_request got sender
D, [2025-09-28T03:22:32.617551 #61930] DEBUG -- Pubnub::Event: Requested URI: https://ps.pndsn.com/publish/pub-c-371423e2-0bd9-4c53-b56b-4d8589529cd7/sub-c-18ef4162-eec8-464d-8040-95b7ce1cb947/0/user.3.matches/0/%7B%22type%22%3A%22match_found%22%2C%22timestamp%22%3A1759011752%2C%22data%22%3A%7B%22status%22%3A%22matched%22%2C%22room_id%22%3A%22room_1759011752_a1e668ec%22%2C%22match_type%22%3A%22staff%22%2C%22actual_match_type%22%3A%22staff%22%2C%22partner%22%3A%7B%22id%22%3A2%2C%22type%22%3A%22staff%22%7D%2C%22is_initiator%22%3Afalse%2C%22session_version%22%3A%22version_1759011752_214e0bfb%22%2C%22video_id%22%3Anull%2C%22video_url%22%3Anull%2C%22video_name%22%3Anull%7D%7D?ortt=%7B%22t%22%3A17590117526168280%7D&pnsdk=PubNub-Ruby%2F5.6.0&seqn=42&store=0&uuid=server-development-45468a61
D, [2025-09-28T03:22:32.617366 #61930] DEBUG -- Pubnub::Telemetry: Fetching telemetry for l_pub
D, [2025-09-28T03:22:32.617758 #61930] DEBUG -- Pubnub::Telemetry: Fetching telemetry for l_pub
D, [2025-09-28T03:22:32.617781 #61930] DEBUG -- Pubnub::Event: Initialized Pubnub::Publish
D, [2025-09-28T03:22:32.617869 #61930] DEBUG -- Pubnub::Event: Initialized Pubnub::Publish
D, [2025-09-28T03:22:32.617922 #61930] DEBUG -- Pubnub::Publish: Fired event Pubnub::Publish
D, [2025-09-28T03:22:32.618013 #61930] DEBUG -- Pubnub::Event: #send_request called
D, [2025-09-28T03:22:32.618026 #61930] DEBUG -- Pubnub::SingleEvent: #request_dispatcher called
D, [2025-09-28T03:22:32.618044 #61930] DEBUG -- Pubnub::Client: Looking for requester for async single_event
D, [2025-09-28T03:22:32.618065 #61930] DEBUG -- Pubnub::Event: #send_request got sender
D, [2025-09-28T03:22:32.618139 #61930] DEBUG -- Pubnub::Event: Requested URI: https://ps.pndsn.com/publish/pub-c-371423e2-0bd9-4c53-b56b-4d8589529cd7/sub-c-18ef4162-eec8-464d-8040-95b7ce1cb947/0/user.2.matches/0/%7B%22type%22%3A%22match_found%22%2C%22timestamp%22%3A1759011752%2C%22data%22%3A%7B%22status%22%3A%22matched%22%2C%22room_id%22%3A%22room_1759011752_a1e668ec%22%2C%22match_type%22%3A%22staff%22%2C%22actual_match_type%22%3A%22staff%22%2C%22partner%22%3A%7B%22id%22%3A3%2C%22type%22%3A%22staff%22%7D%2C%22is_initiator%22%3Atrue%2C%22session_version%22%3A%22version_1759011752_214e0bfb%22%2C%22video_id%22%3Anull%2C%22video_url%22%3Anull%2C%22video_name%22%3Anull%7D%7D?ortt=%7B%22t%22%3A17590117526178792%7D&pnsdk=PubNub-Ruby%2F5.6.0&seqn=43&store=0&uuid=server-development-45468a61
D, [2025-09-28T03:22:32.618005 #61930] DEBUG -- Pubnub::Publish: Fired event Pubnub::Publish
D, [2025-09-28T03:22:32.618353 #61930] DEBUG -- Pubnub::Event: #send_request called
D, [2025-09-28T03:22:32.618374 #61930] DEBUG -- Pubnub::SingleEvent: #request_dispatcher called
D, [2025-09-28T03:22:32.618565 #61930] DEBUG -- Pubnub::Client: Looking for requester for async single_event
D, [2025-09-28T03:22:32.618594 #61930] DEBUG -- Pubnub::Event: #send_request got sender
D, [2025-09-28T03:22:32.619486 #61930] DEBUG -- Pubnub::Event: Requested URI: https://ps.pndsn.com/publish/pub-c-371423e2-0bd9-4c53-b56b-4d8589529cd7/sub-c-18ef4162-eec8-464d-8040-95b7ce1cb947/0/user.3.matches/0/%7B%22type%22%3A%22match_found%22%2C%22timestamp%22%3A1759011752%2C%22data%22%3A%7B%22status%22%3A%22matched%22%2C%22room_id%22%3A%22room_1759011752_a1e668ec%22%2C%22match_type%22%3A%22staff%22%2C%22actual_match_type%22%3A%22staff%22%2C%22partner%22%3A%7B%22id%22%3A2%2C%22type%22%3A%22staff%22%7D%2C%22is_initiator%22%3Afalse%2C%22session_version%22%3A%22version_1759011752_214e0bfb%22%2C%22video_id%22%3Anull%2C%22video_url%22%3Anull%2C%22video_name%22%3Anull%7D%7D?ortt=%7B%22t%22%3A17590117526179352%7D&pnsdk=PubNub-Ruby%2F5.6.0&seqn=44&store=0&uuid=server-development-45468a61
D, [2025-09-28T03:22:32.619873 #61930] DEBUG -- Pubnub::Telemetry: Fetching telemetry for l_pub
D, [2025-09-28T03:22:32.620201 #61930] DEBUG -- Pubnub::Event: Initialized Pubnub::Publish
D, [2025-09-28T03:22:32.620776 #61930] DEBUG -- Pubnub::Publish: Fired event Pubnub::Publish
D, [2025-09-28T03:22:32.620972 #61930] DEBUG -- Pubnub::Event: #send_request called
D, [2025-09-28T03:22:32.621035 #61930] DEBUG -- Pubnub::SingleEvent: #request_dispatcher called
D, [2025-09-28T03:22:32.621244 #61930] DEBUG -- Pubnub::Client: Looking for requester for async single_event
D, [2025-09-28T03:22:32.621281 #61930] DEBUG -- Pubnub::Event: #send_request got sender
D, [2025-09-28T03:22:32.621754 #61930] DEBUG -- Pubnub::Event: Requested URI: https://ps.pndsn.com/publish/pub-c-371423e2-0bd9-4c53-b56b-4d8589529cd7/sub-c-18ef4162-eec8-464d-8040-95b7ce1cb947/0/user.2.matches/0/%7B%22type%22%3A%22match_found%22%2C%22timestamp%22%3A1759011752%2C%22data%22%3A%7B%22status%22%3A%22matched%22%2C%22room_id%22%3A%22room_1759011752_a1e668ec%22%2C%22match_type%22%3A%22staff%22%2C%22actual_match_type%22%3A%22staff%22%2C%22partner%22%3A%7B%22id%22%3A3%2C%22type%22%3A%22staff%22%7D%2C%22is_initiator%22%3Atrue%2C%22session_version%22%3A%22version_1759011752_214e0bfb%22%2C%22video_id%22%3Anull%2C%22video_url%22%3Anull%2C%22video_name%22%3Anull%7D%7D?ortt=%7B%22t%22%3A17590117526206500%7D&pnsdk=PubNub-Ruby%2F5.6.0&seqn=45&store=0&uuid=server-development-45468a61
D, [2025-09-28T03:22:33.367711 #61930] DEBUG -- Pubnub::Event: Event#handle
D, [2025-09-28T03:22:33.369428 #61930] DEBUG -- Pubnub::Event: Firing callbacks for Pubnub::Publish
D, [2025-09-28T03:22:33.396619 #61930] DEBUG -- Pubnub::Event: Event#handle
D, [2025-09-28T03:22:33.397432 #61930] DEBUG -- Pubnub::Event: Firing callbacks for Pubnub::Publish
D, [2025-09-28T03:22:33.398663 #61930] DEBUG -- Pubnub::Event: Event#handle
D, [2025-09-28T03:22:33.399337 #61930] DEBUG -- Pubnub::Event: Firing callbacks for Pubnub::Publish
D, [2025-09-28T03:22:33.523064 #61930] DEBUG -- Pubnub::Event: Event#handle
D, [2025-09-28T03:22:33.523327 #61930] DEBUG -- Pubnub::Event: Firing callbacks for Pubnub::Publish
D, [2025-09-28T03:22:33.523210 #61930] DEBUG -- Pubnub::Event: Event#handle
D, [2025-09-28T03:22:33.523480 #61930] DEBUG -- Pubnub::Event: Firing callbacks for Pubnub::Publish
D, [2025-09-28T03:22:33.566783 #61930] DEBUG -- Pubnub::Event: Event#handle
D, [2025-09-28T03:22:33.567002 #61930] DEBUG -- Pubnub::Event: Firing callbacks for Pubnub::Publish
D, [2025-09-28T03:27:08.934403 #61930] DEBUG -- Pubnub::Telemetry: Fetching telemetry for l_pub
D, [2025-09-28T03:27:08.934553 #61930] DEBUG -- Pubnub::Telemetry: Current average: 0.8496015469233195
D, [2025-09-28T03:27:08.934606 #61930] DEBUG -- Pubnub::Event: Initialized Pubnub::Publish
D, [2025-09-28T03:27:08.935281 #61930] DEBUG -- Pubnub::Publish: Fired event Pubnub::Publish
D, [2025-09-28T03:27:08.935307 #61930] DEBUG -- Pubnub::Event: #send_request called
D, [2025-09-28T03:27:08.935328 #61930] DEBUG -- Pubnub::SingleEvent: #request_dispatcher called
D, [2025-09-28T03:27:08.935356 #61930] DEBUG -- Pubnub::Client: Looking for requester for async single_event
D, [2025-09-28T03:27:08.935369 #61930] DEBUG -- Pubnub::Event: #send_request got sender
D, [2025-09-28T03:27:08.935468 #61930] DEBUG -- Pubnub::Event: Requested URI: https://ps.pndsn.com/publish/pub-c-371423e2-0bd9-4c53-b56b-4d8589529cd7/sub-c-18ef4162-eec8-464d-8040-95b7ce1cb947/0/user.3.matches/0/%7B%22type%22%3A%22queue_joined%22%2C%22timestamp%22%3A1759012028%2C%22data%22%3A%7B%22status%22%3A%22waiting%22%2C%22queue_position%22%3Anull%2C%22estimated_wait_time%22%3A30%7D%7D?l_pub=0.85&ortt=%7B%22t%22%3A17590120289346200%7D&pnsdk=PubNub-Ruby%2F5.6.0&seqn=46&store=0&uuid=server-development-45468a61
D, [2025-09-28T03:27:08.995911 #61930] DEBUG -- Pubnub::Telemetry: Fetching telemetry for l_pub
D, [2025-09-28T03:27:08.996019 #61930] DEBUG -- Pubnub::Event: Initialized Pubnub::Publish
D, [2025-09-28T03:27:08.996409 #61930] DEBUG -- Pubnub::Publish: Fired event Pubnub::Publish
D, [2025-09-28T03:27:08.996459 #61930] DEBUG -- Pubnub::Event: #send_request called
D, [2025-09-28T03:27:08.996476 #61930] DEBUG -- Pubnub::SingleEvent: #request_dispatcher called
D, [2025-09-28T03:27:08.996487 #61930] DEBUG -- Pubnub::Client: Looking for requester for async single_event
D, [2025-09-28T03:27:08.996495 #61930] DEBUG -- Pubnub::Event: #send_request got sender
D, [2025-09-28T03:27:08.996602 #61930] DEBUG -- Pubnub::Event: Requested URI: https://ps.pndsn.com/publish/pub-c-371423e2-0bd9-4c53-b56b-4d8589529cd7/sub-c-18ef4162-eec8-464d-8040-95b7ce1cb947/0/user.3.matches/0/%7B%22type%22%3A%22match_found%22%2C%22timestamp%22%3A1759012028%2C%22data%22%3A%7B%22status%22%3A%22matched%22%2C%22room_id%22%3A%22room_1759012028_7042c694%22%2C%22match_type%22%3A%22video%22%2C%22actual_match_type%22%3A%22video%22%2C%22partner%22%3A%7B%22id%22%3A%22video%22%2C%22type%22%3A%22video%22%7D%2C%22is_initiator%22%3Atrue%2C%22session_version%22%3A%22version_1759012028_aaeaed0b%22%2C%22video_id%22%3A1%2C%22video_url%22%3A%22https%3A%2F%2Fres.cloudinary.com%2Fdnxuijplb%2Fvideo%2Fupload%2Fv1%2Fjuicy_meets%2F34i0annr2s0d64gqw8ez3ze0b5ri.mp4%3F_a%3DBACCg%2BEv%22%2C%22video_name%22%3A%22four%22%7D%7D?ortt=%7B%22t%22%3A17590120289963642%7D&pnsdk=PubNub-Ruby%2F5.6.0&seqn=47&store=0&uuid=server-development-45468a61
D, [2025-09-28T03:27:10.328858 #61930] DEBUG -- Pubnub::Event: Event#handle
D, [2025-09-28T03:27:10.331920 #61930] DEBUG -- Pubnub::Event: Firing callbacks for Pubnub::Publish
D, [2025-09-28T03:27:10.369717 #61930] DEBUG -- Pubnub::Event: Event#handle
D, [2025-09-28T03:27:10.370240 #61930] DEBUG -- Pubnub::Event: Firing callbacks for Pubnub::Publish
D, [2025-09-28T03:27:14.616125 #61930] DEBUG -- Pubnub::Telemetry: Fetching telemetry for l_pub
D, [2025-09-28T03:27:14.616154 #61930] DEBUG -- Pubnub::Telemetry: Current average: 1.382780909538269
D, [2025-09-28T03:27:14.616192 #61930] DEBUG -- Pubnub::Event: Initialized Pubnub::Publish
D, [2025-09-28T03:27:14.616576 #61930] DEBUG -- Pubnub::Publish: Fired event Pubnub::Publish
D, [2025-09-28T03:27:14.616594 #61930] DEBUG -- Pubnub::Event: #send_request called
D, [2025-09-28T03:27:14.616606 #61930] DEBUG -- Pubnub::SingleEvent: #request_dispatcher called
D, [2025-09-28T03:27:14.616619 #61930] DEBUG -- Pubnub::Client: Looking for requester for async single_event
D, [2025-09-28T03:27:14.616627 #61930] DEBUG -- Pubnub::Event: #send_request got sender
D, [2025-09-28T03:27:14.616702 #61930] DEBUG -- Pubnub::Event: Requested URI: https://ps.pndsn.com/publish/pub-c-371423e2-0bd9-4c53-b56b-4d8589529cd7/sub-c-18ef4162-eec8-464d-8040-95b7ce1cb947/0/user.2.matches/0/%7B%22type%22%3A%22queue_joined%22%2C%22timestamp%22%3A1759012034%2C%22data%22%3A%7B%22status%22%3A%22waiting%22%2C%22queue_position%22%3Anull%2C%22estimated_wait_time%22%3A30%7D%7D?l_pub=1.383&ortt=%7B%22t%22%3A17590120346162030%7D&pnsdk=PubNub-Ruby%2F5.6.0&seqn=48&store=0&uuid=server-development-45468a61
D, [2025-09-28T03:27:14.862873 #61930] DEBUG -- Pubnub::Event: Event#handle
D, [2025-09-28T03:27:14.864223 #61930] DEBUG -- Pubnub::Event: Firing callbacks for Pubnub::Publish
D, [2025-09-28T03:27:16.728936 #61930] DEBUG -- Pubnub::Telemetry: Fetching telemetry for l_pub
D, [2025-09-28T03:27:16.729039 #61930] DEBUG -- Pubnub::Telemetry: Current average: 0.24595093727111816
D, [2025-09-28T03:27:16.729211 #61930] DEBUG -- Pubnub::Event: Initialized Pubnub::Publish
D, [2025-09-28T03:27:16.729547 #61930] DEBUG -- Pubnub::Publish: Fired event Pubnub::Publish
D, [2025-09-28T03:27:16.729652 #61930] DEBUG -- Pubnub::Event: #send_request called
D, [2025-09-28T03:27:16.730132 #61930] DEBUG -- Pubnub::SingleEvent: #request_dispatcher called
D, [2025-09-28T03:27:16.730233 #61930] DEBUG -- Pubnub::Client: Looking for requester for async single_event
D, [2025-09-28T03:27:16.730426 #61930] DEBUG -- Pubnub::Event: #send_request got sender
D, [2025-09-28T03:27:16.730820 #61930] DEBUG -- Pubnub::Event: Requested URI: https://ps.pndsn.com/publish/pub-c-371423e2-0bd9-4c53-b56b-4d8589529cd7/sub-c-18ef4162-eec8-464d-8040-95b7ce1cb947/0/user.2.matches/0/%7B%22type%22%3A%22match_failed%22%2C%22timestamp%22%3A1759012036%2C%22data%22%3A%7B%22status%22%3A%22no_match%22%2C%22reason%22%3A%22Staff%20users%20wait%20for%20real%20app%20users%20only%20-%20none%20currently%20available%22%2C%22retry_suggested%22%3Atrue%7D%7D?l_pub=0.246&ortt=%7B%22t%22%3A17590120367292778%7D&pnsdk=PubNub-Ruby%2F5.6.0&seqn=49&store=0&uuid=server-development-45468a61
D, [2025-09-28T03:27:16.986640 #61930] DEBUG -- Pubnub::Event: Event#handle
D, [2025-09-28T03:27:16.986973 #61930] DEBUG -- Pubnub::Event: Firing callbacks for Pubnub::Publish
D, [2025-09-28T03:27:19.555088 #61930] DEBUG -- Pubnub::Telemetry: Fetching telemetry for l_pub
D, [2025-09-28T03:27:19.555130 #61930] DEBUG -- Pubnub::Telemetry: Current average: 0.255871057510376
D, [2025-09-28T03:27:19.555175 #61930] DEBUG -- Pubnub::Event: Initialized Pubnub::Publish
D, [2025-09-28T03:27:19.555618 #61930] DEBUG -- Pubnub::Publish: Fired event Pubnub::Publish
D, [2025-09-28T03:27:19.555640 #61930] DEBUG -- Pubnub::Event: #send_request called
D, [2025-09-28T03:27:19.555664 #61930] DEBUG -- Pubnub::SingleEvent: #request_dispatcher called
D, [2025-09-28T03:27:19.555682 #61930] DEBUG -- Pubnub::Client: Looking for requester for async single_event
D, [2025-09-28T03:27:19.555704 #61930] DEBUG -- Pubnub::Event: #send_request got sender
D, [2025-09-28T03:27:19.555849 #61930] DEBUG -- Pubnub::Event: Requested URI: https://ps.pndsn.com/publish/pub-c-371423e2-0bd9-4c53-b56b-4d8589529cd7/sub-c-18ef4162-eec8-464d-8040-95b7ce1cb947/0/user.2.matches/0/%7B%22type%22%3A%22queue_joined%22%2C%22timestamp%22%3A1759012039%2C%22data%22%3A%7B%22status%22%3A%22waiting%22%2C%22queue_position%22%3Anull%2C%22estimated_wait_time%22%3A30%7D%7D?l_pub=0.256&ortt=%7B%22t%22%3A17590120395551860%7D&pnsdk=PubNub-Ruby%2F5.6.0&seqn=50&store=0&uuid=server-development-45468a61
D, [2025-09-28T03:27:19.803312 #61930] DEBUG -- Pubnub::Event: Event#handle
D, [2025-09-28T03:27:19.804117 #61930] DEBUG -- Pubnub::Event: Firing callbacks for Pubnub::Publish
D, [2025-09-28T03:27:21.594791 #61930] DEBUG -- Pubnub::Telemetry: Fetching telemetry for l_pub
D, [2025-09-28T03:27:21.594873 #61930] DEBUG -- Pubnub::Telemetry: Current average: 0.2474348545074463
D, [2025-09-28T03:27:21.595010 #61930] DEBUG -- Pubnub::Event: Initialized Pubnub::Publish
D, [2025-09-28T03:27:21.595815 #61930] DEBUG -- Pubnub::Publish: Fired event Pubnub::Publish
D, [2025-09-28T03:27:21.595942 #61930] DEBUG -- Pubnub::Event: #send_request called
D, [2025-09-28T03:27:21.596963 #61930] DEBUG -- Pubnub::SingleEvent: #request_dispatcher called
D, [2025-09-28T03:27:21.597048 #61930] DEBUG -- Pubnub::Client: Looking for requester for async single_event
D, [2025-09-28T03:27:21.597080 #61930] DEBUG -- Pubnub::Event: #send_request got sender
D, [2025-09-28T03:27:21.598908 #61930] DEBUG -- Pubnub::Event: Requested URI: https://ps.pndsn.com/publish/pub-c-371423e2-0bd9-4c53-b56b-4d8589529cd7/sub-c-18ef4162-eec8-464d-8040-95b7ce1cb947/0/user.2.matches/0/%7B%22type%22%3A%22match_failed%22%2C%22timestamp%22%3A1759012041%2C%22data%22%3A%7B%22status%22%3A%22no_match%22%2C%22reason%22%3A%22Staff%20users%20wait%20for%20real%20app%20users%20only%20-%20none%20currently%20available%22%2C%22retry_suggested%22%3Atrue%7D%7D?l_pub=0.247&ortt=%7B%22t%22%3A17590120415950470%7D&pnsdk=PubNub-Ruby%2F5.6.0&seqn=51&store=0&uuid=server-development-45468a61
D, [2025-09-28T03:27:21.842690 #61930] DEBUG -- Pubnub::Event: Event#handle
D, [2025-09-28T03:27:21.843313 #61930] DEBUG -- Pubnub::Event: Firing callbacks for Pubnub::Publish
D, [2025-09-28T03:27:27.088491 #61930] DEBUG -- Pubnub::Telemetry: Fetching telemetry for l_pub
D, [2025-09-28T03:27:27.088557 #61930] DEBUG -- Pubnub::Telemetry: Current average: 0.2454988956451416
D, [2025-09-28T03:27:27.088668 #61930] DEBUG -- Pubnub::Event: Initialized Pubnub::Publish
D, [2025-09-28T03:27:27.089539 #61930] DEBUG -- Pubnub::Publish: Fired event Pubnub::Publish
D, [2025-09-28T03:27:27.089668 #61930] DEBUG -- Pubnub::Event: #send_request called
D, [2025-09-28T03:27:27.089701 #61930] DEBUG -- Pubnub::SingleEvent: #request_dispatcher called
D, [2025-09-28T03:27:27.089925 #61930] DEBUG -- Pubnub::Client: Looking for requester for async single_event
D, [2025-09-28T03:27:27.090040 #61930] DEBUG -- Pubnub::Event: #send_request got sender
D, [2025-09-28T03:27:27.090235 #61930] DEBUG -- Pubnub::Event: Requested URI: https://ps.pndsn.com/publish/pub-c-371423e2-0bd9-4c53-b56b-4d8589529cd7/sub-c-18ef4162-eec8-464d-8040-95b7ce1cb947/0/user.3.matches/0/%7B%22type%22%3A%22queue_joined%22%2C%22timestamp%22%3A1759012047%2C%22data%22%3A%7B%22status%22%3A%22waiting%22%2C%22queue_position%22%3Anull%2C%22estimated_wait_time%22%3A30%7D%7D?l_pub=0.245&ortt=%7B%22t%22%3A17590120470889202%7D&pnsdk=PubNub-Ruby%2F5.6.0&seqn=52&store=0&uuid=server-development-45468a61
D, [2025-09-28T03:27:27.102787 #61930] DEBUG -- Pubnub::Telemetry: Fetching telemetry for l_pub
D, [2025-09-28T03:27:27.102882 #61930] DEBUG -- Pubnub::Event: Initialized Pubnub::Publish
D, [2025-09-28T03:27:27.103339 #61930] DEBUG -- Pubnub::Publish: Fired event Pubnub::Publish
D, [2025-09-28T03:27:27.103450 #61930] DEBUG -- Pubnub::Event: #send_request called
D, [2025-09-28T03:27:27.103741 #61930] DEBUG -- Pubnub::SingleEvent: #request_dispatcher called
D, [2025-09-28T03:27:27.103774 #61930] DEBUG -- Pubnub::Client: Looking for requester for async single_event
D, [2025-09-28T03:27:27.103850 #61930] DEBUG -- Pubnub::Event: #send_request got sender
D, [2025-09-28T03:27:27.103964 #61930] DEBUG -- Pubnub::Event: Requested URI: https://ps.pndsn.com/publish/pub-c-371423e2-0bd9-4c53-b56b-4d8589529cd7/sub-c-18ef4162-eec8-464d-8040-95b7ce1cb947/0/vc.room_1759012047_c9dab497/0/%7B%22type%22%3A%22prepare_connection%22%2C%22from%22%3A%223%22%2C%22to%22%3A%222%22%2C%22session_version%22%3A%22version_1759012047_207c7372%22%2C%22timestamp%22%3A1759012047%7D?ortt=%7B%22t%22%3A17590120471029070%7D&pnsdk=PubNub-Ruby%2F5.6.0&seqn=53&store=0&uuid=server-development-45468a61
D, [2025-09-28T03:27:27.103467 #61930] DEBUG -- Pubnub::Telemetry: Fetching telemetry for l_pub
D, [2025-09-28T03:27:27.104535 #61930] DEBUG -- Pubnub::Event: Initialized Pubnub::Publish
D, [2025-09-28T03:27:27.104594 #61930] DEBUG -- Pubnub::Publish: Fired event Pubnub::Publish
D, [2025-09-28T03:27:27.104604 #61930] DEBUG -- Pubnub::Event: #send_request called
D, [2025-09-28T03:27:27.104612 #61930] DEBUG -- Pubnub::SingleEvent: #request_dispatcher called
D, [2025-09-28T03:27:27.104619 #61930] DEBUG -- Pubnub::Client: Looking for requester for async single_event
D, [2025-09-28T03:27:27.104626 #61930] DEBUG -- Pubnub::Event: #send_request got sender
D, [2025-09-28T03:27:27.104702 #61930] DEBUG -- Pubnub::Event: Requested URI: https://ps.pndsn.com/publish/pub-c-371423e2-0bd9-4c53-b56b-4d8589529cd7/sub-c-18ef4162-eec8-464d-8040-95b7ce1cb947/0/user.3.matches/0/%7B%22type%22%3A%22match_found%22%2C%22timestamp%22%3A1759012047%2C%22data%22%3A%7B%22status%22%3A%22matched%22%2C%22room_id%22%3A%22room_1759012047_c9dab497%22%2C%22match_type%22%3A%22staff%22%2C%22actual_match_type%22%3A%22staff%22%2C%22partner%22%3A%7B%22id%22%3A2%2C%22type%22%3A%22staff%22%7D%2C%22is_initiator%22%3Afalse%2C%22session_version%22%3A%22version_1759012047_207c7372%22%2C%22video_id%22%3Anull%2C%22video_url%22%3Anull%2C%22video_name%22%3Anull%7D%7D?ortt=%7B%22t%22%3A17590120471045498%7D&pnsdk=PubNub-Ruby%2F5.6.0&seqn=54&store=0&uuid=server-development-45468a61
D, [2025-09-28T03:27:27.105615 #61930] DEBUG -- Pubnub::Telemetry: Fetching telemetry for l_pub
D, [2025-09-28T03:27:27.105777 #61930] DEBUG -- Pubnub::Telemetry: Fetching telemetry for l_pub
D, [2025-09-28T03:27:27.105798 #61930] DEBUG -- Pubnub::Event: Initialized Pubnub::Publish
D, [2025-09-28T03:27:27.106864 #61930] DEBUG -- Pubnub::Telemetry: Fetching telemetry for l_pub
D, [2025-09-28T03:27:27.106547 #61930] DEBUG -- Pubnub::Event: Initialized Pubnub::Publish
D, [2025-09-28T03:27:27.107109 #61930] DEBUG -- Pubnub::Publish: Fired event Pubnub::Publish
D, [2025-09-28T03:27:27.107875 #61930] DEBUG -- Pubnub::Event: #send_request called
D, [2025-09-28T03:27:27.107915 #61930] DEBUG -- Pubnub::SingleEvent: #request_dispatcher called
D, [2025-09-28T03:27:27.108144 #61930] DEBUG -- Pubnub::Client: Looking for requester for async single_event
D, [2025-09-28T03:27:27.108193 #61930] DEBUG -- Pubnub::Event: #send_request got sender
D, [2025-09-28T03:27:27.108727 #61930] DEBUG -- Pubnub::Event: Requested URI: https://ps.pndsn.com/publish/pub-c-371423e2-0bd9-4c53-b56b-4d8589529cd7/sub-c-18ef4162-eec8-464d-8040-95b7ce1cb947/0/user.2.matches/0/%7B%22type%22%3A%22match_found%22%2C%22timestamp%22%3A1759012047%2C%22data%22%3A%7B%22status%22%3A%22matched%22%2C%22room_id%22%3A%22room_1759012047_c9dab497%22%2C%22match_type%22%3A%22staff%22%2C%22actual_match_type%22%3A%22staff%22%2C%22partner%22%3A%7B%22id%22%3A3%2C%22type%22%3A%22staff%22%7D%2C%22is_initiator%22%3Atrue%2C%22session_version%22%3A%22version_1759012047_207c7372%22%2C%22video_id%22%3Anull%2C%22video_url%22%3Anull%2C%22video_name%22%3Anull%7D%7D?ortt=%7B%22t%22%3A17590120471067938%7D&pnsdk=PubNub-Ruby%2F5.6.0&seqn=55&store=0&uuid=server-development-45468a61
D, [2025-09-28T03:27:27.107702 #61930] DEBUG -- Pubnub::Publish: Fired event Pubnub::Publish
D, [2025-09-28T03:27:27.109316 #61930] DEBUG -- Pubnub::Event: #send_request called
D, [2025-09-28T03:27:27.109456 #61930] DEBUG -- Pubnub::SingleEvent: #request_dispatcher called
D, [2025-09-28T03:27:27.109816 #61930] DEBUG -- Pubnub::Client: Looking for requester for async single_event
D, [2025-09-28T03:27:27.109984 #61930] DEBUG -- Pubnub::Event: #send_request got sender
D, [2025-09-28T03:27:27.110267 #61930] DEBUG -- Pubnub::Event: Requested URI: https://ps.pndsn.com/publish/pub-c-371423e2-0bd9-4c53-b56b-4d8589529cd7/sub-c-18ef4162-eec8-464d-8040-95b7ce1cb947/0/user.3.matches/0/%7B%22type%22%3A%22match_found%22%2C%22timestamp%22%3A1759012047%2C%22data%22%3A%7B%22status%22%3A%22matched%22%2C%22room_id%22%3A%22room_1759012047_c9dab497%22%2C%22match_type%22%3A%22staff%22%2C%22actual_match_type%22%3A%22staff%22%2C%22partner%22%3A%7B%22id%22%3A2%2C%22type%22%3A%22staff%22%7D%2C%22is_initiator%22%3Afalse%2C%22session_version%22%3A%22version_1759012047_207c7372%22%2C%22video_id%22%3Anull%2C%22video_url%22%3Anull%2C%22video_name%22%3Anull%7D%7D?ortt=%7B%22t%22%3A17590120471075990%7D&pnsdk=PubNub-Ruby%2F5.6.0&seqn=56&store=0&uuid=server-development-45468a61
D, [2025-09-28T03:27:27.107160 #61930] DEBUG -- Pubnub::Event: Initialized Pubnub::Publish
D, [2025-09-28T03:27:27.110867 #61930] DEBUG -- Pubnub::Publish: Fired event Pubnub::Publish
D, [2025-09-28T03:27:27.110931 #61930] DEBUG -- Pubnub::Event: #send_request called
D, [2025-09-28T03:27:27.110968 #61930] DEBUG -- Pubnub::SingleEvent: #request_dispatcher called
D, [2025-09-28T03:27:27.110999 #61930] DEBUG -- Pubnub::Client: Looking for requester for async single_event
D, [2025-09-28T03:27:27.111022 #61930] DEBUG -- Pubnub::Event: #send_request got sender
D, [2025-09-28T03:27:27.111172 #61930] DEBUG -- Pubnub::Event: Requested URI: https://ps.pndsn.com/publish/pub-c-371423e2-0bd9-4c53-b56b-4d8589529cd7/sub-c-18ef4162-eec8-464d-8040-95b7ce1cb947/0/user.2.matches/0/%7B%22type%22%3A%22match_found%22%2C%22timestamp%22%3A1759012047%2C%22data%22%3A%7B%22status%22%3A%22matched%22%2C%22room_id%22%3A%22room_1759012047_c9dab497%22%2C%22match_type%22%3A%22staff%22%2C%22actual_match_type%22%3A%22staff%22%2C%22partner%22%3A%7B%22id%22%3A3%2C%22type%22%3A%22staff%22%7D%2C%22is_initiator%22%3Atrue%2C%22session_version%22%3A%22version_1759012047_207c7372%22%2C%22video_id%22%3Anull%2C%22video_url%22%3Anull%2C%22video_name%22%3Anull%7D%7D?ortt=%7B%22t%22%3A17590120471107080%7D&pnsdk=PubNub-Ruby%2F5.6.0&seqn=57&store=0&uuid=server-development-45468a61
D, [2025-09-28T03:27:27.334309 #61930] DEBUG -- Pubnub::Event: Event#handle
D, [2025-09-28T03:27:27.334673 #61930] DEBUG -- Pubnub::Event: Firing callbacks for Pubnub::Publish
D, [2025-09-28T03:27:28.090733 #61930] DEBUG -- Pubnub::Event: Event#handle
D, [2025-09-28T03:27:28.092112 #61930] DEBUG -- Pubnub::Event: Firing callbacks for Pubnub::Publish
D, [2025-09-28T03:27:28.091674 #61930] DEBUG -- Pubnub::Event: Event#handle
D, [2025-09-28T03:27:28.092512 #61930] DEBUG -- Pubnub::Event: Firing callbacks for Pubnub::Publish
D, [2025-09-28T03:27:28.091346 #61930] DEBUG -- Pubnub::Event: Event#handle
D, [2025-09-28T03:27:28.092732 #61930] DEBUG -- Pubnub::Event: Firing callbacks for Pubnub::Publish
D, [2025-09-28T03:27:28.212850 #61930] DEBUG -- Pubnub::Event: Event#handle
D, [2025-09-28T03:27:28.213985 #61930] DEBUG -- Pubnub::Event: Firing callbacks for Pubnub::Publish
D, [2025-09-28T03:27:28.449787 #61930] DEBUG -- Pubnub::Event: Event#handle
D, [2025-09-28T03:27:28.450222 #61930] DEBUG -- Pubnub::Event: Firing callbacks for Pubnub::Publish
D, [2025-09-28T03:27:36.921923 #61930] DEBUG -- Pubnub::Telemetry: Fetching telemetry for l_pub
D, [2025-09-28T03:27:36.921965 #61930] DEBUG -- Pubnub::Telemetry: Current average: 0.940236488978068
D, [2025-09-28T03:27:36.922008 #61930] DEBUG -- Pubnub::Event: Initialized Pubnub::Publish
D, [2025-09-28T03:27:36.922671 #61930] DEBUG -- Pubnub::Publish: Fired event Pubnub::Publish
D, [2025-09-28T03:27:36.922708 #61930] DEBUG -- Pubnub::Event: #send_request called
D, [2025-09-28T03:27:36.922722 #61930] DEBUG -- Pubnub::SingleEvent: #request_dispatcher called
D, [2025-09-28T03:27:36.922734 #61930] DEBUG -- Pubnub::Client: Looking for requester for async single_event
D, [2025-09-28T03:27:36.922745 #61930] DEBUG -- Pubnub::Event: #send_request got sender
D, [2025-09-28T03:27:36.922862 #61930] DEBUG -- Pubnub::Event: Requested URI: https://ps.pndsn.com/publish/pub-c-371423e2-0bd9-4c53-b56b-4d8589529cd7/sub-c-18ef4162-eec8-464d-8040-95b7ce1cb947/0/user.2.matches/0/%7B%22type%22%3A%22queue_joined%22%2C%22timestamp%22%3A1759012056%2C%22data%22%3A%7B%22status%22%3A%22waiting%22%2C%22queue_position%22%3Anull%2C%22estimated_wait_time%22%3A30%7D%7D?l_pub=0.94&ortt=%7B%22t%22%3A17590120569220228%7D&pnsdk=PubNub-Ruby%2F5.6.0&seqn=58&store=0&uuid=server-development-45468a61
D, [2025-09-28T03:27:37.176441 #61930] DEBUG -- Pubnub::Event: Event#handle
D, [2025-09-28T03:27:37.177207 #61930] DEBUG -- Pubnub::Event: Firing callbacks for Pubnub::Publish
D, [2025-09-28T03:27:38.972680 #61930] DEBUG -- Pubnub::Telemetry: Fetching telemetry for l_pub
D, [2025-09-28T03:27:38.972829 #61930] DEBUG -- Pubnub::Telemetry: Current average: 0.2535121440887451
D, [2025-09-28T03:27:38.972973 #61930] DEBUG -- Pubnub::Event: Initialized Pubnub::Publish
D, [2025-09-28T03:27:38.974936 #61930] DEBUG -- Pubnub::Publish: Fired event Pubnub::Publish
D, [2025-09-28T03:27:38.975104 #61930] DEBUG -- Pubnub::Event: #send_request called
D, [2025-09-28T03:27:38.975152 #61930] DEBUG -- Pubnub::SingleEvent: #request_dispatcher called
D, [2025-09-28T03:27:38.975217 #61930] DEBUG -- Pubnub::Client: Looking for requester for async single_event
D, [2025-09-28T03:27:38.975264 #61930] DEBUG -- Pubnub::Event: #send_request got sender
D, [2025-09-28T03:27:38.975843 #61930] DEBUG -- Pubnub::Event: Requested URI: https://ps.pndsn.com/publish/pub-c-371423e2-0bd9-4c53-b56b-4d8589529cd7/sub-c-18ef4162-eec8-464d-8040-95b7ce1cb947/0/user.2.matches/0/%7B%22type%22%3A%22match_failed%22%2C%22timestamp%22%3A1759012058%2C%22data%22%3A%7B%22status%22%3A%22no_match%22%2C%22reason%22%3A%22Staff%20users%20wait%20for%20real%20app%20users%20only%20-%20none%20currently%20available%22%2C%22retry_suggested%22%3Atrue%7D%7D?l_pub=0.254&ortt=%7B%22t%22%3A17590120589730540%7D&pnsdk=PubNub-Ruby%2F5.6.0&seqn=59&store=0&uuid=server-development-45468a61
D, [2025-09-28T03:27:38.975032 #61930] DEBUG -- Pubnub::Telemetry: Fetching telemetry for l_pub
D, [2025-09-28T03:27:38.981095 #61930] DEBUG -- Pubnub::Event: Initialized Pubnub::Publish
D, [2025-09-28T03:27:38.984856 #61930] DEBUG -- Pubnub::Publish: Fired event Pubnub::Publish
D, [2025-09-28T03:27:38.985037 #61930] DEBUG -- Pubnub::Event: #send_request called
D, [2025-09-28T03:27:38.985190 #61930] DEBUG -- Pubnub::SingleEvent: #request_dispatcher called
D, [2025-09-28T03:27:38.987451 #61930] DEBUG -- Pubnub::Client: Looking for requester for async single_event
D, [2025-09-28T03:27:38.987567 #61930] DEBUG -- Pubnub::Event: #send_request got sender
D, [2025-09-28T03:27:38.988465 #61930] DEBUG -- Pubnub::Event: Requested URI: https://ps.pndsn.com/publish/pub-c-371423e2-0bd9-4c53-b56b-4d8589529cd7/sub-c-18ef4162-eec8-464d-8040-95b7ce1cb947/0/user.2.matches/0/%7B%22type%22%3A%22partner_left%22%2C%22timestamp%22%3A1759012058%2C%22data%22%3A%7B%22room_id%22%3A%22room_1759012047_c9dab497%22%2C%22action%22%3A%22find_new_match%22%7D%7D?ortt=%7B%22t%22%3A17590120589812660%7D&pnsdk=PubNub-Ruby%2F5.6.0&seqn=60&store=0&uuid=server-development-45468a61
D, [2025-09-28T03:27:39.012764 #61930] DEBUG -- Pubnub::Telemetry: Fetching telemetry for l_pub
D, [2025-09-28T03:27:39.012956 #61930] DEBUG -- Pubnub::Event: Initialized Pubnub::Publish
D, [2025-09-28T03:27:39.014294 #61930] DEBUG -- Pubnub::Publish: Fired event Pubnub::Publish
D, [2025-09-28T03:27:39.014377 #61930] DEBUG -- Pubnub::Event: #send_request called
D, [2025-09-28T03:27:39.014405 #61930] DEBUG -- Pubnub::SingleEvent: #request_dispatcher called
D, [2025-09-28T03:27:39.014432 #61930] DEBUG -- Pubnub::Client: Looking for requester for async single_event
D, [2025-09-28T03:27:39.014458 #61930] DEBUG -- Pubnub::Event: #send_request got sender
D, [2025-09-28T03:27:39.014670 #61930] DEBUG -- Pubnub::Event: Requested URI: https://ps.pndsn.com/publish/pub-c-371423e2-0bd9-4c53-b56b-4d8589529cd7/sub-c-18ef4162-eec8-464d-8040-95b7ce1cb947/0/user.3.matches/0/%7B%22type%22%3A%22queue_joined%22%2C%22timestamp%22%3A1759012059%2C%22data%22%3A%7B%22status%22%3A%22waiting%22%2C%22queue_position%22%3Anull%2C%22estimated_wait_time%22%3A30%7D%7D?ortt=%7B%22t%22%3A17590120590129910%7D&pnsdk=PubNub-Ruby%2F5.6.0&seqn=61&store=0&uuid=server-development-45468a61
D, [2025-09-28T03:27:39.044345 #61930] DEBUG -- Pubnub::Telemetry: Fetching telemetry for l_pub
D, [2025-09-28T03:27:39.044486 #61930] DEBUG -- Pubnub::Telemetry: Fetching telemetry for l_pub
D, [2025-09-28T03:27:39.044519 #61930] DEBUG -- Pubnub::Event: Initialized Pubnub::Publish
D, [2025-09-28T03:27:39.044562 #61930] DEBUG -- Pubnub::Event: Initialized Pubnub::Publish
D, [2025-09-28T03:27:39.045476 #61930] DEBUG -- Pubnub::Telemetry: Fetching telemetry for l_pub
D, [2025-09-28T03:27:39.045130 #61930] DEBUG -- Pubnub::Publish: Fired event Pubnub::Publish
D, [2025-09-28T03:27:39.046040 #61930] DEBUG -- Pubnub::Event: #send_request called
D, [2025-09-28T03:27:39.046119 #61930] DEBUG -- Pubnub::SingleEvent: #request_dispatcher called
D, [2025-09-28T03:27:39.046323 #61930] DEBUG -- Pubnub::Client: Looking for requester for async single_event
D, [2025-09-28T03:27:39.046359 #61930] DEBUG -- Pubnub::Event: #send_request got sender
D, [2025-09-28T03:27:39.046662 #61930] DEBUG -- Pubnub::Event: Requested URI: https://ps.pndsn.com/publish/pub-c-371423e2-0bd9-4c53-b56b-4d8589529cd7/sub-c-18ef4162-eec8-464d-8040-95b7ce1cb947/0/user.2.matches/0/%7B%22type%22%3A%22partner_left%22%2C%22timestamp%22%3A1759012059%2C%22data%22%3A%7B%22room_id%22%3A%22room_1759012047_c9dab497%22%2C%22action%22%3A%22find_new_match%22%7D%7D?ortt=%7B%22t%22%3A17590120590445812%7D&pnsdk=PubNub-Ruby%2F5.6.0&seqn=62&store=0&uuid=server-development-45468a61
D, [2025-09-28T03:27:39.045914 #61930] DEBUG -- Pubnub::Event: Initialized Pubnub::Publish
D, [2025-09-28T03:27:39.045834 #61930] DEBUG -- Pubnub::Publish: Fired event Pubnub::Publish
D, [2025-09-28T03:27:39.047947 #61930] DEBUG -- Pubnub::Event: #send_request called
D, [2025-09-28T03:27:39.048048 #61930] DEBUG -- Pubnub::SingleEvent: #request_dispatcher called
D, [2025-09-28T03:27:39.048103 #61930] DEBUG -- Pubnub::Client: Looking for requester for async single_event
D, [2025-09-28T03:27:39.048416 #61930] DEBUG -- Pubnub::Event: #send_request got sender
D, [2025-09-28T03:27:39.048570 #61930] DEBUG -- Pubnub::Event: Requested URI: https://ps.pndsn.com/publish/pub-c-371423e2-0bd9-4c53-b56b-4d8589529cd7/sub-c-18ef4162-eec8-464d-8040-95b7ce1cb947/0/user.3.matches/0/%7B%22type%22%3A%22match_found%22%2C%22timestamp%22%3A1759012059%2C%22data%22%3A%7B%22status%22%3A%22matched%22%2C%22room_id%22%3A%22room_1759012059_6d4879fa%22%2C%22match_type%22%3A%22video%22%2C%22actual_match_type%22%3A%22video%22%2C%22partner%22%3A%7B%22id%22%3A%22video%22%2C%22type%22%3A%22video%22%7D%2C%22is_initiator%22%3Atrue%2C%22session_version%22%3A%22version_1759012059_28251612%22%2C%22video_id%22%3A1%2C%22video_url%22%3A%22https%3A%2F%2Fres.cloudinary.com%2Fdnxuijplb%2Fvideo%2Fupload%2Fv1%2Fjuicy_meets%2F34i0annr2s0d64gqw8ez3ze0b5ri.mp4%3F_a%3DBACCg%2BEv%22%2C%22video_name%22%3A%22four%22%7D%7D?ortt=%7B%22t%22%3A17590120590454300%7D&pnsdk=PubNub-Ruby%2F5.6.0&seqn=63&store=0&uuid=server-development-45468a61
D, [2025-09-28T03:27:39.047939 #61930] DEBUG -- Pubnub::Publish: Fired event Pubnub::Publish
D, [2025-09-28T03:27:39.048945 #61930] DEBUG -- Pubnub::Event: #send_request called
D, [2025-09-28T03:27:39.048992 #61930] DEBUG -- Pubnub::SingleEvent: #request_dispatcher called
D, [2025-09-28T03:27:39.049025 #61930] DEBUG -- Pubnub::Client: Looking for requester for async single_event
D, [2025-09-28T03:27:39.049046 #61930] DEBUG -- Pubnub::Event: #send_request got sender
D, [2025-09-28T03:27:39.049143 #61930] DEBUG -- Pubnub::Event: Requested URI: https://ps.pndsn.com/publish/pub-c-371423e2-0bd9-4c53-b56b-4d8589529cd7/sub-c-18ef4162-eec8-464d-8040-95b7ce1cb947/0/user.3.matches/0/%7B%22type%22%3A%22match_found%22%2C%22timestamp%22%3A1759012059%2C%22data%22%3A%7B%22status%22%3A%22matched%22%2C%22room_id%22%3A%22room_1759012059_6d4879fa%22%2C%22match_type%22%3A%22video%22%2C%22actual_match_type%22%3A%22video%22%2C%22partner%22%3A%7B%22id%22%3A%22video%22%2C%22type%22%3A%22video%22%7D%2C%22is_initiator%22%3Atrue%2C%22session_version%22%3A%22version_1759012059_28251612%22%2C%22video_id%22%3A1%2C%22video_url%22%3A%22https%3A%2F%2Fres.cloudinary.com%2Fdnxuijplb%2Fvideo%2Fupload%2Fv1%2Fjuicy_meets%2F34i0annr2s0d64gqw8ez3ze0b5ri.mp4%3F_a%3DBACCg%2BEv%22%2C%22video_name%22%3A%22four%22%7D%7D?ortt=%7B%22t%22%3A17590120590478048%7D&pnsdk=PubNub-Ruby%2F5.6.0&seqn=64&store=0&uuid=server-development-45468a61
D, [2025-09-28T03:27:39.240206 #61930] DEBUG -- Pubnub::Event: Event#handle
D, [2025-09-28T03:27:39.240368 #61930] DEBUG -- Pubnub::Event: Firing callbacks for Pubnub::Publish
D, [2025-09-28T03:27:40.007503 #61930] DEBUG -- Pubnub::Event: Event#handle
D, [2025-09-28T03:27:40.008122 #61930] DEBUG -- Pubnub::Event: Firing callbacks for Pubnub::Publish
D, [2025-09-28T03:27:40.029285 #61930] DEBUG -- Pubnub::Event: Event#handle
D, [2025-09-28T03:27:40.029591 #61930] DEBUG -- Pubnub::Event: Firing callbacks for Pubnub::Publish
D, [2025-09-28T03:27:40.041740 #61930] DEBUG -- Pubnub::Event: Event#handle
D, [2025-09-28T03:27:40.042071 #61930] DEBUG -- Pubnub::Event: Firing callbacks for Pubnub::Publish
D, [2025-09-28T03:27:40.051559 #61930] DEBUG -- Pubnub::Event: Event#handle
D, [2025-09-28T03:27:40.051959 #61930] DEBUG -- Pubnub::Event: Firing callbacks for Pubnub::Publish
D, [2025-09-28T03:27:40.065500 #61930] DEBUG -- Pubnub::Event: Event#handle
D, [2025-09-28T03:27:40.066017 #61930] DEBUG -- Pubnub::Event: Firing callbacks for Pubnub::Publish
D, [2025-09-28T03:27:40.251511 #61930] DEBUG -- Pubnub::Telemetry: Fetching telemetry for l_pub
D, [2025-09-28T03:27:40.251560 #61930] DEBUG -- Pubnub::Telemetry: Current average: 0.8855613072713217
D, [2025-09-28T03:27:40.251608 #61930] DEBUG -- Pubnub::Event: Initialized Pubnub::Publish
D, [2025-09-28T03:27:40.252516 #61930] DEBUG -- Pubnub::Publish: Fired event Pubnub::Publish
D, [2025-09-28T03:27:40.252543 #61930] DEBUG -- Pubnub::Event: #send_request called
D, [2025-09-28T03:27:40.252561 #61930] DEBUG -- Pubnub::SingleEvent: #request_dispatcher called
D, [2025-09-28T03:27:40.252577 #61930] DEBUG -- Pubnub::Client: Looking for requester for async single_event
D, [2025-09-28T03:27:40.252586 #61930] DEBUG -- Pubnub::Event: #send_request got sender
D, [2025-09-28T03:27:40.252662 #61930] DEBUG -- Pubnub::Event: Requested URI: https://ps.pndsn.com/publish/pub-c-371423e2-0bd9-4c53-b56b-4d8589529cd7/sub-c-18ef4162-eec8-464d-8040-95b7ce1cb947/0/user.2.matches/0/%7B%22type%22%3A%22queue_joined%22%2C%22timestamp%22%3A1759012060%2C%22data%22%3A%7B%22status%22%3A%22waiting%22%2C%22queue_position%22%3Anull%2C%22estimated_wait_time%22%3A30%7D%7D?l_pub=0.886&ortt=%7B%22t%22%3A17590120602516210%7D&pnsdk=PubNub-Ruby%2F5.6.0&seqn=65&store=0&uuid=server-development-45468a61
D, [2025-09-28T03:27:40.848280 #61930] DEBUG -- Pubnub::Telemetry: Fetching telemetry for l_pub
D, [2025-09-28T03:27:40.848436 #61930] DEBUG -- Pubnub::Event: Initialized Pubnub::Publish
D, [2025-09-28T03:27:40.850106 #61930] DEBUG -- Pubnub::Publish: Fired event Pubnub::Publish
D, [2025-09-28T03:27:40.850255 #61930] DEBUG -- Pubnub::Event: #send_request called
D, [2025-09-28T03:27:40.850299 #61930] DEBUG -- Pubnub::SingleEvent: #request_dispatcher called
D, [2025-09-28T03:27:40.850334 #61930] DEBUG -- Pubnub::Client: Looking for requester for async single_event
D, [2025-09-28T03:27:40.850362 #61930] DEBUG -- Pubnub::Event: #send_request got sender
D, [2025-09-28T03:27:40.850620 #61930] DEBUG -- Pubnub::Event: Requested URI: https://ps.pndsn.com/publish/pub-c-371423e2-0bd9-4c53-b56b-4d8589529cd7/sub-c-18ef4162-eec8-464d-8040-95b7ce1cb947/0/user.2.matches/0/%7B%22type%22%3A%22queue_joined%22%2C%22timestamp%22%3A1759012060%2C%22data%22%3A%7B%22status%22%3A%22waiting%22%2C%22queue_position%22%3Anull%2C%22estimated_wait_time%22%3A30%7D%7D?ortt=%7B%22t%22%3A17590120608484690%7D&pnsdk=PubNub-Ruby%2F5.6.0&seqn=66&store=0&uuid=server-development-45468a61
D, [2025-09-28T03:27:41.368449 #61930] DEBUG -- Pubnub::Telemetry: Fetching telemetry for l_pub
D, [2025-09-28T03:27:41.368497 #61930] DEBUG -- Pubnub::Event: Initialized Pubnub::Publish
D, [2025-09-28T03:27:41.369001 #61930] DEBUG -- Pubnub::Publish: Fired event Pubnub::Publish
D, [2025-09-28T03:27:41.369020 #61930] DEBUG -- Pubnub::Event: #send_request called
D, [2025-09-28T03:27:41.369034 #61930] DEBUG -- Pubnub::SingleEvent: #request_dispatcher called
D, [2025-09-28T03:27:41.369049 #61930] DEBUG -- Pubnub::Client: Looking for requester for async single_event
D, [2025-09-28T03:27:41.369059 #61930] DEBUG -- Pubnub::Event: #send_request got sender
D, [2025-09-28T03:27:41.369133 #61930] DEBUG -- Pubnub::Event: Requested URI: https://ps.pndsn.com/publish/pub-c-371423e2-0bd9-4c53-b56b-4d8589529cd7/sub-c-18ef4162-eec8-464d-8040-95b7ce1cb947/0/user.2.matches/0/%7B%22type%22%3A%22queue_joined%22%2C%22timestamp%22%3A1759012061%2C%22data%22%3A%7B%22status%22%3A%22waiting%22%2C%22queue_position%22%3Anull%2C%22estimated_wait_time%22%3A30%7D%7D?ortt=%7B%22t%22%3A17590120613685110%7D&pnsdk=PubNub-Ruby%2F5.6.0&seqn=67&store=0&uuid=server-development-45468a61
D, [2025-09-28T03:27:41.457896 #61930] DEBUG -- Pubnub::Event: Event#handle
D, [2025-09-28T03:27:41.458217 #61930] DEBUG -- Pubnub::Event: Firing callbacks for Pubnub::Publish
D, [2025-09-28T03:27:41.461845 #61930] DEBUG -- Pubnub::Event: Event#handle
D, [2025-09-28T03:27:41.462245 #61930] DEBUG -- Pubnub::Event: Firing callbacks for Pubnub::Publish
D, [2025-09-28T03:27:41.617629 #61930] DEBUG -- Pubnub::Event: Event#handle
D, [2025-09-28T03:27:41.618666 #61930] DEBUG -- Pubnub::Event: Firing callbacks for Pubnub::Publish
D, [2025-09-28T03:27:42.891723 #61930] DEBUG -- Pubnub::Telemetry: Fetching telemetry for l_pub
D, [2025-09-28T03:27:42.891808 #61930] DEBUG -- Pubnub::Telemetry: Current average: 0.6883432865142822
D, [2025-09-28T03:27:42.891925 #61930] DEBUG -- Pubnub::Event: Initialized Pubnub::Publish
D, [2025-09-28T03:27:42.892394 #61930] DEBUG -- Pubnub::Publish: Fired event Pubnub::Publish
D, [2025-09-28T03:27:42.892489 #61930] DEBUG -- Pubnub::Event: #send_request called
D, [2025-09-28T03:27:42.894318 #61930] DEBUG -- Pubnub::SingleEvent: #request_dispatcher called
D, [2025-09-28T03:27:42.894426 #61930] DEBUG -- Pubnub::Client: Looking for requester for async single_event
D, [2025-09-28T03:27:42.894459 #61930] DEBUG -- Pubnub::Event: #send_request got sender
D, [2025-09-28T03:27:42.894846 #61930] DEBUG -- Pubnub::Event: Requested URI: https://ps.pndsn.com/publish/pub-c-371423e2-0bd9-4c53-b56b-4d8589529cd7/sub-c-18ef4162-eec8-464d-8040-95b7ce1cb947/0/user.2.matches/0/%7B%22type%22%3A%22match_failed%22%2C%22timestamp%22%3A1759012062%2C%22data%22%3A%7B%22status%22%3A%22no_match%22%2C%22reason%22%3A%22Staff%20users%20wait%20for%20real%20app%20users%20only%20-%20none%20currently%20available%22%2C%22retry_suggested%22%3Atrue%7D%7D?l_pub=0.688&ortt=%7B%22t%22%3A17590120628919590%7D&pnsdk=PubNub-Ruby%2F5.6.0&seqn=68&store=0&uuid=server-development-45468a61
D, [2025-09-28T03:27:43.156420 #61930] DEBUG -- Pubnub::Event: Event#handle
D, [2025-09-28T03:27:43.156895 #61930] DEBUG -- Pubnub::Event: Firing callbacks for Pubnub::Publish
D, [2025-09-28T03:27:43.404421 #61930] DEBUG -- Pubnub::Telemetry: Fetching telemetry for l_pub
D, [2025-09-28T03:27:43.404571 #61930] DEBUG -- Pubnub::Telemetry: Current average: 0.26180410385131836
D, [2025-09-28T03:27:43.404711 #61930] DEBUG -- Pubnub::Event: Initialized Pubnub::Publish
D, [2025-09-28T03:27:43.405172 #61930] DEBUG -- Pubnub::Publish: Fired event Pubnub::Publish
D, [2025-09-28T03:27:43.405286 #61930] DEBUG -- Pubnub::Event: #send_request called
D, [2025-09-28T03:27:43.405337 #61930] DEBUG -- Pubnub::SingleEvent: #request_dispatcher called
D, [2025-09-28T03:27:43.405374 #61930] DEBUG -- Pubnub::Client: Looking for requester for async single_event
D, [2025-09-28T03:27:43.405409 #61930] DEBUG -- Pubnub::Event: #send_request got sender
D, [2025-09-28T03:27:43.405758 #61930] DEBUG -- Pubnub::Event: Requested URI: https://ps.pndsn.com/publish/pub-c-371423e2-0bd9-4c53-b56b-4d8589529cd7/sub-c-18ef4162-eec8-464d-8040-95b7ce1cb947/0/user.2.matches/0/%7B%22type%22%3A%22match_failed%22%2C%22timestamp%22%3A1759012063%2C%22data%22%3A%7B%22status%22%3A%22no_match%22%2C%22reason%22%3A%22Staff%20users%20wait%20for%20real%20app%20users%20only%20-%20none%20currently%20available%22%2C%22retry_suggested%22%3Atrue%7D%7D?l_pub=0.262&ortt=%7B%22t%22%3A17590120634047580%7D&pnsdk=PubNub-Ruby%2F5.6.0&seqn=69&store=0&uuid=server-development-45468a61
D, [2025-09-28T03:27:43.405247 #61930] DEBUG -- Pubnub::Telemetry: Fetching telemetry for l_pub
D, [2025-09-28T03:27:43.406833 #61930] DEBUG -- Pubnub::Event: Initialized Pubnub::Publish
D, [2025-09-28T03:27:43.407529 #61930] DEBUG -- Pubnub::Publish: Fired event Pubnub::Publish
D, [2025-09-28T03:27:43.407668 #61930] DEBUG -- Pubnub::Event: #send_request called
D, [2025-09-28T03:27:43.408877 #61930] DEBUG -- Pubnub::SingleEvent: #request_dispatcher called
D, [2025-09-28T03:27:43.408955 #61930] DEBUG -- Pubnub::Client: Looking for requester for async single_event
D, [2025-09-28T03:27:43.408982 #61930] DEBUG -- Pubnub::Event: #send_request got sender
D, [2025-09-28T03:27:43.409157 #61930] DEBUG -- Pubnub::Event: Requested URI: https://ps.pndsn.com/publish/pub-c-371423e2-0bd9-4c53-b56b-4d8589529cd7/sub-c-18ef4162-eec8-464d-8040-95b7ce1cb947/0/user.2.matches/0/%7B%22type%22%3A%22queue_joined%22%2C%22timestamp%22%3A1759012063%2C%22data%22%3A%7B%22status%22%3A%22waiting%22%2C%22queue_position%22%3Anull%2C%22estimated_wait_time%22%3A30%7D%7D?ortt=%7B%22t%22%3A17590120634068880%7D&pnsdk=PubNub-Ruby%2F5.6.0&seqn=70&store=0&uuid=server-development-45468a61
D, [2025-09-28T03:27:43.655919 #61930] DEBUG -- Pubnub::Event: Event#handle
D, [2025-09-28T03:27:43.656280 #61930] DEBUG -- Pubnub::Event: Firing callbacks for Pubnub::Publish
D, [2025-09-28T03:27:43.669354 #61930] DEBUG -- Pubnub::Event: Event#handle
D, [2025-09-28T03:27:43.669747 #61930] DEBUG -- Pubnub::Event: Firing callbacks for Pubnub::Publish
D, [2025-09-28T03:28:33.047636 #61930] DEBUG -- Pubnub::Telemetry: Fetching telemetry for l_pub
D, [2025-09-28T03:28:33.047678 #61930] DEBUG -- Pubnub::Telemetry: Current average: 0.25530505180358887
D, [2025-09-28T03:28:33.047725 #61930] DEBUG -- Pubnub::Event: Initialized Pubnub::Publish
D, [2025-09-28T03:28:33.048514 #61930] DEBUG -- Pubnub::Publish: Fired event Pubnub::Publish
D, [2025-09-28T03:28:33.048534 #61930] DEBUG -- Pubnub::Event: #send_request called
D, [2025-09-28T03:28:33.048544 #61930] DEBUG -- Pubnub::SingleEvent: #request_dispatcher called
D, [2025-09-28T03:28:33.048554 #61930] DEBUG -- Pubnub::Client: Looking for requester for async single_event
D, [2025-09-28T03:28:33.048563 #61930] DEBUG -- Pubnub::Event: #send_request got sender
D, [2025-09-28T03:28:33.048655 #61930] DEBUG -- Pubnub::Event: Requested URI: https://ps.pndsn.com/publish/pub-c-371423e2-0bd9-4c53-b56b-4d8589529cd7/sub-c-18ef4162-eec8-464d-8040-95b7ce1cb947/0/user.3.matches/0/%7B%22type%22%3A%22queue_joined%22%2C%22timestamp%22%3A1759012113%2C%22data%22%3A%7B%22status%22%3A%22waiting%22%2C%22queue_position%22%3Anull%2C%22estimated_wait_time%22%3A30%7D%7D?l_pub=0.255&ortt=%7B%22t%22%3A17590121130477372%7D&pnsdk=PubNub-Ruby%2F5.6.0&seqn=71&store=0&uuid=server-development-45468a61
D, [2025-09-28T03:28:33.067249 #61930] DEBUG -- Pubnub::Telemetry: Fetching telemetry for l_pub
D, [2025-09-28T03:28:33.067307 #61930] DEBUG -- Pubnub::Event: Initialized Pubnub::Publish
D, [2025-09-28T03:28:33.067532 #61930] DEBUG -- Pubnub::Publish: Fired event Pubnub::Publish
D, [2025-09-28T03:28:33.067660 #61930] DEBUG -- Pubnub::Event: #send_request called
D, [2025-09-28T03:28:33.067698 #61930] DEBUG -- Pubnub::SingleEvent: #request_dispatcher called
D, [2025-09-28T03:28:33.067730 #61930] DEBUG -- Pubnub::Client: Looking for requester for async single_event
D, [2025-09-28T03:28:33.067756 #61930] DEBUG -- Pubnub::Event: #send_request got sender
D, [2025-09-28T03:28:33.067849 #61930] DEBUG -- Pubnub::Event: Requested URI: https://ps.pndsn.com/publish/pub-c-371423e2-0bd9-4c53-b56b-4d8589529cd7/sub-c-18ef4162-eec8-464d-8040-95b7ce1cb947/0/vc.room_1759012113_3ecd9042/0/%7B%22type%22%3A%22prepare_connection%22%2C%22from%22%3A%223%22%2C%22to%22%3A%222%22%2C%22session_version%22%3A%22version_1759012113_3d366861%22%2C%22timestamp%22%3A1759012113%7D?ortt=%7B%22t%22%3A17590121130673220%7D&pnsdk=PubNub-Ruby%2F5.6.0&seqn=72&store=0&uuid=server-development-45468a61
D, [2025-09-28T03:28:33.067680 #61930] DEBUG -- Pubnub::Telemetry: Fetching telemetry for l_pub
D, [2025-09-28T03:28:33.068143 #61930] DEBUG -- Pubnub::Event: Initialized Pubnub::Publish
D, [2025-09-28T03:28:33.068200 #61930] DEBUG -- Pubnub::Publish: Fired event Pubnub::Publish
D, [2025-09-28T03:28:33.068213 #61930] DEBUG -- Pubnub::Event: #send_request called
D, [2025-09-28T03:28:33.068221 #61930] DEBUG -- Pubnub::SingleEvent: #request_dispatcher called
D, [2025-09-28T03:28:33.068229 #61930] DEBUG -- Pubnub::Client: Looking for requester for async single_event
D, [2025-09-28T03:28:33.068238 #61930] DEBUG -- Pubnub::Event: #send_request got sender
D, [2025-09-28T03:28:33.068535 #61930] DEBUG -- Pubnub::Event: Requested URI: https://ps.pndsn.com/publish/pub-c-371423e2-0bd9-4c53-b56b-4d8589529cd7/sub-c-18ef4162-eec8-464d-8040-95b7ce1cb947/0/user.3.matches/0/%7B%22type%22%3A%22match_found%22%2C%22timestamp%22%3A1759012113%2C%22data%22%3A%7B%22status%22%3A%22matched%22%2C%22room_id%22%3A%22room_1759012113_3ecd9042%22%2C%22match_type%22%3A%22staff%22%2C%22actual_match_type%22%3A%22staff%22%2C%22partner%22%3A%7B%22id%22%3A2%2C%22type%22%3A%22staff%22%7D%2C%22is_initiator%22%3Afalse%2C%22session_version%22%3A%22version_1759012113_3d366861%22%2C%22video_id%22%3Anull%2C%22video_url%22%3Anull%2C%22video_name%22%3Anull%7D%7D?ortt=%7B%22t%22%3A17590121130681642%7D&pnsdk=PubNub-Ruby%2F5.6.0&seqn=73&store=0&uuid=server-development-45468a61
D, [2025-09-28T03:28:33.069511 #61930] DEBUG -- Pubnub::Telemetry: Fetching telemetry for l_pub
D, [2025-09-28T03:28:33.069716 #61930] DEBUG -- Pubnub::Telemetry: Fetching telemetry for l_pub
D, [2025-09-28T03:28:33.069758 #61930] DEBUG -- Pubnub::Event: Initialized Pubnub::Publish
D, [2025-09-28T03:28:33.070706 #61930] DEBUG -- Pubnub::Telemetry: Fetching telemetry for l_pub
D, [2025-09-28T03:28:33.070367 #61930] DEBUG -- Pubnub::Event: Initialized Pubnub::Publish
D, [2025-09-28T03:28:33.070996 #61930] DEBUG -- Pubnub::Publish: Fired event Pubnub::Publish
D, [2025-09-28T03:28:33.071889 #61930] DEBUG -- Pubnub::Event: #send_request called
D, [2025-09-28T03:28:33.071958 #61930] DEBUG -- Pubnub::SingleEvent: #request_dispatcher called
D, [2025-09-28T03:28:33.072196 #61930] DEBUG -- Pubnub::Client: Looking for requester for async single_event
D, [2025-09-28T03:28:33.072306 #61930] DEBUG -- Pubnub::Event: #send_request got sender
D, [2025-09-28T03:28:33.072830 #61930] DEBUG -- Pubnub::Event: Requested URI: https://ps.pndsn.com/publish/pub-c-371423e2-0bd9-4c53-b56b-4d8589529cd7/sub-c-18ef4162-eec8-464d-8040-95b7ce1cb947/0/user.2.matches/0/%7B%22type%22%3A%22match_found%22%2C%22timestamp%22%3A1759012113%2C%22data%22%3A%7B%22status%22%3A%22matched%22%2C%22room_id%22%3A%22room_1759012113_3ecd9042%22%2C%22match_type%22%3A%22staff%22%2C%22actual_match_type%22%3A%22staff%22%2C%22partner%22%3A%7B%22id%22%3A3%2C%22type%22%3A%22staff%22%7D%2C%22is_initiator%22%3Atrue%2C%22session_version%22%3A%22version_1759012113_3d366861%22%2C%22video_id%22%3Anull%2C%22video_url%22%3Anull%2C%22video_name%22%3Anull%7D%7D?ortt=%7B%22t%22%3A17590121130706730%7D&pnsdk=PubNub-Ruby%2F5.6.0&seqn=74&store=0&uuid=server-development-45468a61
D, [2025-09-28T03:28:33.071518 #61930] DEBUG -- Pubnub::Publish: Fired event Pubnub::Publish
D, [2025-09-28T03:28:33.073805 #61930] DEBUG -- Pubnub::Event: #send_request called
D, [2025-09-28T03:28:33.073900 #61930] DEBUG -- Pubnub::SingleEvent: #request_dispatcher called
D, [2025-09-28T03:28:33.074293 #61930] DEBUG -- Pubnub::Client: Looking for requester for async single_event
D, [2025-09-28T03:28:33.074413 #61930] DEBUG -- Pubnub::Event: #send_request got sender
D, [2025-09-28T03:28:33.074831 #61930] DEBUG -- Pubnub::Event: Requested URI: https://ps.pndsn.com/publish/pub-c-371423e2-0bd9-4c53-b56b-4d8589529cd7/sub-c-18ef4162-eec8-464d-8040-95b7ce1cb947/0/user.3.matches/0/%7B%22type%22%3A%22match_found%22%2C%22timestamp%22%3A1759012113%2C%22data%22%3A%7B%22status%22%3A%22matched%22%2C%22room_id%22%3A%22room_1759012113_3ecd9042%22%2C%22match_type%22%3A%22staff%22%2C%22actual_match_type%22%3A%22staff%22%2C%22partner%22%3A%7B%22id%22%3A2%2C%22type%22%3A%22staff%22%7D%2C%22is_initiator%22%3Afalse%2C%22session_version%22%3A%22version_1759012113_3d366861%22%2C%22video_id%22%3Anull%2C%22video_url%22%3Anull%2C%22video_name%22%3Anull%7D%7D?ortt=%7B%22t%22%3A17590121130713720%7D&pnsdk=PubNub-Ruby%2F5.6.0&seqn=75&store=0&uuid=server-development-45468a61
D, [2025-09-28T03:28:33.071058 #61930] DEBUG -- Pubnub::Event: Initialized Pubnub::Publish
D, [2025-09-28T03:28:33.075523 #61930] DEBUG -- Pubnub::Publish: Fired event Pubnub::Publish
D, [2025-09-28T03:28:33.075577 #61930] DEBUG -- Pubnub::Event: #send_request called
D, [2025-09-28T03:28:33.075605 #61930] DEBUG -- Pubnub::SingleEvent: #request_dispatcher called
D, [2025-09-28T03:28:33.075635 #61930] DEBUG -- Pubnub::Client: Looking for requester for async single_event
D, [2025-09-28T03:28:33.075666 #61930] DEBUG -- Pubnub::Event: #send_request got sender
D, [2025-09-28T03:28:33.075789 #61930] DEBUG -- Pubnub::Event: Requested URI: https://ps.pndsn.com/publish/pub-c-371423e2-0bd9-4c53-b56b-4d8589529cd7/sub-c-18ef4162-eec8-464d-8040-95b7ce1cb947/0/user.2.matches/0/%7B%22type%22%3A%22match_found%22%2C%22timestamp%22%3A1759012113%2C%22data%22%3A%7B%22status%22%3A%22matched%22%2C%22room_id%22%3A%22room_1759012113_3ecd9042%22%2C%22match_type%22%3A%22staff%22%2C%22actual_match_type%22%3A%22staff%22%2C%22partner%22%3A%7B%22id%22%3A3%2C%22type%22%3A%22staff%22%7D%2C%22is_initiator%22%3Atrue%2C%22session_version%22%3A%22version_1759012113_3d366861%22%2C%22video_id%22%3Anull%2C%22video_url%22%3Anull%2C%22video_name%22%3Anull%7D%7D?ortt=%7B%22t%22%3A17590121130753012%7D&pnsdk=PubNub-Ruby%2F5.6.0&seqn=76&store=0&uuid=server-development-45468a61
D, [2025-09-28T03:28:33.817390 #61930] DEBUG -- Pubnub::Event: Event#handle
D, [2025-09-28T03:28:33.818390 #61930] DEBUG -- Pubnub::Event: Firing callbacks for Pubnub::Publish
D, [2025-09-28T03:28:34.096307 #61930] DEBUG -- Pubnub::Event: Event#handle
D, [2025-09-28T03:28:34.097172 #61930] DEBUG -- Pubnub::Event: Firing callbacks for Pubnub::Publish
D, [2025-09-28T03:28:34.097549 #61930] DEBUG -- Pubnub::Event: Event#handle
D, [2025-09-28T03:28:34.097858 #61930] DEBUG -- Pubnub::Event: Firing callbacks for Pubnub::Publish
D, [2025-09-28T03:28:34.114022 #61930] DEBUG -- Pubnub::Event: Event#handle
D, [2025-09-28T03:28:34.114633 #61930] DEBUG -- Pubnub::Event: Firing callbacks for Pubnub::Publish
D, [2025-09-28T03:28:34.114335 #61930] DEBUG -- Pubnub::Event: Event#handle
D, [2025-09-28T03:28:34.114851 #61930] DEBUG -- Pubnub::Event: Firing callbacks for Pubnub::Publish
D, [2025-09-28T03:28:34.206099 #61930] DEBUG -- Pubnub::Event: Event#handle
D, [2025-09-28T03:28:34.206512 #61930] DEBUG -- Pubnub::Event: Firing callbacks for Pubnub::Publish
D, [2025-09-28T03:28:42.843848 #61930] DEBUG -- Pubnub::Telemetry: Fetching telemetry for l_pub
D, [2025-09-28T03:28:42.843902 #61930] DEBUG -- Pubnub::Telemetry: Current average: 1.0061477025349934
D, [2025-09-28T03:28:42.843957 #61930] DEBUG -- Pubnub::Event: Initialized Pubnub::Publish
D, [2025-09-28T03:28:42.844607 #61930] DEBUG -- Pubnub::Publish: Fired event Pubnub::Publish
D, [2025-09-28T03:28:42.844641 #61930] DEBUG -- Pubnub::Event: #send_request called
D, [2025-09-28T03:28:42.844653 #61930] DEBUG -- Pubnub::SingleEvent: #request_dispatcher called
D, [2025-09-28T03:28:42.844688 #61930] DEBUG -- Pubnub::Client: Looking for requester for async single_event
D, [2025-09-28T03:28:42.844705 #61930] DEBUG -- Pubnub::Event: #send_request got sender
D, [2025-09-28T03:28:42.844821 #61930] DEBUG -- Pubnub::Event: Requested URI: https://ps.pndsn.com/publish/pub-c-371423e2-0bd9-4c53-b56b-4d8589529cd7/sub-c-18ef4162-eec8-464d-8040-95b7ce1cb947/0/user.2.matches/0/%7B%22type%22%3A%22queue_joined%22%2C%22timestamp%22%3A1759012122%2C%22data%22%3A%7B%22status%22%3A%22waiting%22%2C%22queue_position%22%3Anull%2C%22estimated_wait_time%22%3A30%7D%7D?l_pub=1.006&ortt=%7B%22t%22%3A17590121228439732%7D&pnsdk=PubNub-Ruby%2F5.6.0&seqn=77&store=0&uuid=server-development-45468a61
D, [2025-09-28T03:28:43.041103 #61930] DEBUG -- Pubnub::Event: Event#handle
D, [2025-09-28T03:28:43.041421 #61930] DEBUG -- Pubnub::Event: Firing callbacks for Pubnub::Publish
D, [2025-09-28T03:28:44.896671 #61930] DEBUG -- Pubnub::Telemetry: Fetching telemetry for l_pub
D, [2025-09-28T03:28:44.896726 #61930] DEBUG -- Pubnub::Telemetry: Current average: 0.19623398780822754
D, [2025-09-28T03:28:44.896775 #61930] DEBUG -- Pubnub::Event: Initialized Pubnub::Publish
D, [2025-09-28T03:28:44.896956 #61930] DEBUG -- Pubnub::Publish: Fired event Pubnub::Publish
D, [2025-09-28T03:28:44.896998 #61930] DEBUG -- Pubnub::Event: #send_request called
D, [2025-09-28T03:28:44.897030 #61930] DEBUG -- Pubnub::SingleEvent: #request_dispatcher called
D, [2025-09-28T03:28:44.897071 #61930] DEBUG -- Pubnub::Client: Looking for requester for async single_event
D, [2025-09-28T03:28:44.897119 #61930] DEBUG -- Pubnub::Event: #send_request got sender
D, [2025-09-28T03:28:44.897275 #61930] DEBUG -- Pubnub::Event: Requested URI: https://ps.pndsn.com/publish/pub-c-371423e2-0bd9-4c53-b56b-4d8589529cd7/sub-c-18ef4162-eec8-464d-8040-95b7ce1cb947/0/user.2.matches/0/%7B%22type%22%3A%22match_failed%22%2C%22timestamp%22%3A1759012124%2C%22data%22%3A%7B%22status%22%3A%22no_match%22%2C%22reason%22%3A%22Staff%20users%20wait%20for%20real%20app%20users%20only%20-%20none%20currently%20available%22%2C%22retry_suggested%22%3Atrue%7D%7D?l_pub=0.196&ortt=%7B%22t%22%3A17590121248967900%7D&pnsdk=PubNub-Ruby%2F5.6.0&seqn=78&store=0&uuid=server-development-45468a61
D, [2025-09-28T03:28:44.896980 #61930] DEBUG -- Pubnub::Telemetry: Fetching telemetry for l_pub
D, [2025-09-28T03:28:44.897680 #61930] DEBUG -- Pubnub::Event: Initialized Pubnub::Publish
D, [2025-09-28T03:28:44.901837 #61930] DEBUG -- Pubnub::Publish: Fired event Pubnub::Publish
D, [2025-09-28T03:28:44.902060 #61930] DEBUG -- Pubnub::Event: #send_request called
D, [2025-09-28T03:28:44.902129 #61930] DEBUG -- Pubnub::SingleEvent: #request_dispatcher called
D, [2025-09-28T03:28:44.902175 #61930] DEBUG -- Pubnub::Client: Looking for requester for async single_event
D, [2025-09-28T03:28:44.902203 #61930] DEBUG -- Pubnub::Event: #send_request got sender
D, [2025-09-28T03:28:44.902430 #61930] DEBUG -- Pubnub::Event: Requested URI: https://ps.pndsn.com/publish/pub-c-371423e2-0bd9-4c53-b56b-4d8589529cd7/sub-c-18ef4162-eec8-464d-8040-95b7ce1cb947/0/user.2.matches/0/%7B%22type%22%3A%22partner_left%22%2C%22timestamp%22%3A1759012124%2C%22data%22%3A%7B%22room_id%22%3A%22room_1759012113_3ecd9042%22%2C%22action%22%3A%22find_new_match%22%7D%7D?ortt=%7B%22t%22%3A17590121248977448%7D&pnsdk=PubNub-Ruby%2F5.6.0&seqn=79&store=0&uuid=server-development-45468a61
D, [2025-09-28T03:28:44.914221 #61930] DEBUG -- Pubnub::Telemetry: Fetching telemetry for l_pub
D, [2025-09-28T03:28:44.914282 #61930] DEBUG -- Pubnub::Event: Initialized Pubnub::Publish
D, [2025-09-28T03:28:44.915008 #61930] DEBUG -- Pubnub::Publish: Fired event Pubnub::Publish
D, [2025-09-28T03:28:44.915041 #61930] DEBUG -- Pubnub::Event: #send_request called
D, [2025-09-28T03:28:44.915060 #61930] DEBUG -- Pubnub::SingleEvent: #request_dispatcher called
D, [2025-09-28T03:28:44.915078 #61930] DEBUG -- Pubnub::Client: Looking for requester for async single_event
D, [2025-09-28T03:28:44.915090 #61930] DEBUG -- Pubnub::Event: #send_request got sender
D, [2025-09-28T03:28:44.915184 #61930] DEBUG -- Pubnub::Event: Requested URI: https://ps.pndsn.com/publish/pub-c-371423e2-0bd9-4c53-b56b-4d8589529cd7/sub-c-18ef4162-eec8-464d-8040-95b7ce1cb947/0/user.3.matches/0/%7B%22type%22%3A%22queue_joined%22%2C%22timestamp%22%3A1759012124%2C%22data%22%3A%7B%22status%22%3A%22waiting%22%2C%22queue_position%22%3Anull%2C%22estimated_wait_time%22%3A30%7D%7D?ortt=%7B%22t%22%3A17590121249142980%7D&pnsdk=PubNub-Ruby%2F5.6.0&seqn=80&store=0&uuid=server-development-45468a61
D, [2025-09-28T03:28:44.978112 #61930] DEBUG -- Pubnub::Telemetry: Fetching telemetry for l_pub
D, [2025-09-28T03:28:44.978165 #61930] DEBUG -- Pubnub::Telemetry: Fetching telemetry for l_pub
D, [2025-09-28T03:28:44.978191 #61930] DEBUG -- Pubnub::Event: Initialized Pubnub::Publish
D, [2025-09-28T03:28:44.978241 #61930] DEBUG -- Pubnub::Event: Initialized Pubnub::Publish
D, [2025-09-28T03:28:44.979023 #61930] DEBUG -- Pubnub::Telemetry: Fetching telemetry for l_pub
D, [2025-09-28T03:28:44.978660 #61930] DEBUG -- Pubnub::Publish: Fired event Pubnub::Publish
D, [2025-09-28T03:28:44.979656 #61930] DEBUG -- Pubnub::Event: #send_request called
D, [2025-09-28T03:28:44.979788 #61930] DEBUG -- Pubnub::SingleEvent: #request_dispatcher called
D, [2025-09-28T03:28:44.980101 #61930] DEBUG -- Pubnub::Client: Looking for requester for async single_event
D, [2025-09-28T03:28:44.980174 #61930] DEBUG -- Pubnub::Event: #send_request got sender
D, [2025-09-28T03:28:44.980544 #61930] DEBUG -- Pubnub::Event: Requested URI: https://ps.pndsn.com/publish/pub-c-371423e2-0bd9-4c53-b56b-4d8589529cd7/sub-c-18ef4162-eec8-464d-8040-95b7ce1cb947/0/user.2.matches/0/%7B%22type%22%3A%22partner_left%22%2C%22timestamp%22%3A1759012124%2C%22data%22%3A%7B%22room_id%22%3A%22room_1759012113_3ecd9042%22%2C%22action%22%3A%22find_new_match%22%7D%7D?ortt=%7B%22t%22%3A17590121249782632%7D&pnsdk=PubNub-Ruby%2F5.6.0&seqn=81&store=0&uuid=server-development-45468a61
D, [2025-09-28T03:28:44.979485 #61930] DEBUG -- Pubnub::Event: Initialized Pubnub::Publish
D, [2025-09-28T03:28:44.979397 #61930] DEBUG -- Pubnub::Publish: Fired event Pubnub::Publish
D, [2025-09-28T03:28:44.982036 #61930] DEBUG -- Pubnub::Event: #send_request called
D, [2025-09-28T03:28:44.982221 #61930] DEBUG -- Pubnub::SingleEvent: #request_dispatcher called
D, [2025-09-28T03:28:44.982641 #61930] DEBUG -- Pubnub::Client: Looking for requester for async single_event
D, [2025-09-28T03:28:44.982826 #61930] DEBUG -- Pubnub::Event: #send_request got sender
D, [2025-09-28T03:28:44.983112 #61930] DEBUG -- Pubnub::Event: Requested URI: https://ps.pndsn.com/publish/pub-c-371423e2-0bd9-4c53-b56b-4d8589529cd7/sub-c-18ef4162-eec8-464d-8040-95b7ce1cb947/0/user.3.matches/0/%7B%22type%22%3A%22match_found%22%2C%22timestamp%22%3A1759012124%2C%22data%22%3A%7B%22status%22%3A%22matched%22%2C%22room_id%22%3A%22room_1759012124_7340c1c9%22%2C%22match_type%22%3A%22video%22%2C%22actual_match_type%22%3A%22video%22%2C%22partner%22%3A%7B%22id%22%3A%22video%22%2C%22type%22%3A%22video%22%7D%2C%22is_initiator%22%3Atrue%2C%22session_version%22%3A%22version_1759012124_9d2a0adf%22%2C%22video_id%22%3A1%2C%22video_url%22%3A%22https%3A%2F%2Fres.cloudinary.com%2Fdnxuijplb%2Fvideo%2Fupload%2Fv1%2Fjuicy_meets%2F34i0annr2s0d64gqw8ez3ze0b5ri.mp4%3F_a%3DBACCg%2BEv%22%2C%22video_name%22%3A%22four%22%7D%7D?ortt=%7B%22t%22%3A17590121249789700%7D&pnsdk=PubNub-Ruby%2F5.6.0&seqn=82&store=0&uuid=server-development-45468a61
D, [2025-09-28T03:28:44.982008 #61930] DEBUG -- Pubnub::Publish: Fired event Pubnub::Publish
D, [2025-09-28T03:28:44.983935 #61930] DEBUG -- Pubnub::Event: #send_request called
D, [2025-09-28T03:28:44.984023 #61930] DEBUG -- Pubnub::SingleEvent: #request_dispatcher called
D, [2025-09-28T03:28:44.984086 #61930] DEBUG -- Pubnub::Client: Looking for requester for async single_event
D, [2025-09-28T03:28:44.984130 #61930] DEBUG -- Pubnub::Event: #send_request got sender
D, [2025-09-28T03:28:44.984285 #61930] DEBUG -- Pubnub::Event: Requested URI: https://ps.pndsn.com/publish/pub-c-371423e2-0bd9-4c53-b56b-4d8589529cd7/sub-c-18ef4162-eec8-464d-8040-95b7ce1cb947/0/user.3.matches/0/%7B%22type%22%3A%22match_found%22%2C%22timestamp%22%3A1759012124%2C%22data%22%3A%7B%22status%22%3A%22matched%22%2C%22room_id%22%3A%22room_1759012124_7340c1c9%22%2C%22match_type%22%3A%22video%22%2C%22actual_match_type%22%3A%22video%22%2C%22partner%22%3A%7B%22id%22%3A%22video%22%2C%22type%22%3A%22video%22%7D%2C%22is_initiator%22%3Atrue%2C%22session_version%22%3A%22version_1759012124_9d2a0adf%22%2C%22video_id%22%3A1%2C%22video_url%22%3A%22https%3A%2F%2Fres.cloudinary.com%2Fdnxuijplb%2Fvideo%2Fupload%2Fv1%2Fjuicy_meets%2F34i0annr2s0d64gqw8ez3ze0b5ri.mp4%3F_a%3DBACCg%2BEv%22%2C%22video_name%22%3A%22four%22%7D%7D?ortt=%7B%22t%22%3A17590121249818720%7D&pnsdk=PubNub-Ruby%2F5.6.0&seqn=83&store=0&uuid=server-development-45468a61
D, [2025-09-28T03:28:45.472415 #61930] DEBUG -- Pubnub::Event: Event#handle
D, [2025-09-28T03:28:45.473419 #61930] DEBUG -- Pubnub::Event: Firing callbacks for Pubnub::Publish
D, [2025-09-28T03:28:46.078415 #61930] DEBUG -- Pubnub::Event: Event#handle
D, [2025-09-28T03:28:46.078987 #61930] DEBUG -- Pubnub::Event: Firing callbacks for Pubnub::Publish
D, [2025-09-28T03:28:46.113138 #61930] DEBUG -- Pubnub::Event: Event#handle
D, [2025-09-28T03:28:46.113497 #61930] DEBUG -- Pubnub::Event: Firing callbacks for Pubnub::Publish
D, [2025-09-28T03:28:46.187066 #61930] DEBUG -- Pubnub::Event: Event#handle
D, [2025-09-28T03:28:46.187632 #61930] DEBUG -- Pubnub::Event: Firing callbacks for Pubnub::Publish
D, [2025-09-28T03:28:46.207174 #61930] DEBUG -- Pubnub::Event: Event#handle
D, [2025-09-28T03:28:46.209903 #61930] DEBUG -- Pubnub::Event: Firing callbacks for Pubnub::Publish
D, [2025-09-28T03:28:46.478099 #61930] DEBUG -- Pubnub::Telemetry: Fetching telemetry for l_pub
D, [2025-09-28T03:28:46.478178 #61930] DEBUG -- Pubnub::Telemetry: Current average: 1.0751359939575196
D, [2025-09-28T03:28:46.478326 #61930] DEBUG -- Pubnub::Event: Initialized Pubnub::Publish
D, [2025-09-28T03:28:46.479067 #61930] DEBUG -- Pubnub::Publish: Fired event Pubnub::Publish
D, [2025-09-28T03:28:46.479103 #61930] DEBUG -- Pubnub::Event: #send_request called
D, [2025-09-28T03:28:46.479116 #61930] DEBUG -- Pubnub::SingleEvent: #request_dispatcher called
D, [2025-09-28T03:28:46.479159 #61930] DEBUG -- Pubnub::Client: Looking for requester for async single_event
D, [2025-09-28T03:28:46.479193 #61930] DEBUG -- Pubnub::Event: #send_request got sender
D, [2025-09-28T03:28:46.479304 #61930] DEBUG -- Pubnub::Event: Requested URI: https://ps.pndsn.com/publish/pub-c-371423e2-0bd9-4c53-b56b-4d8589529cd7/sub-c-18ef4162-eec8-464d-8040-95b7ce1cb947/0/user.2.matches/0/%7B%22type%22%3A%22queue_joined%22%2C%22timestamp%22%3A1759012126%2C%22data%22%3A%7B%22status%22%3A%22waiting%22%2C%22queue_position%22%3Anull%2C%22estimated_wait_time%22%3A30%7D%7D?l_pub=1.075&ortt=%7B%22t%22%3A17590121264783650%7D&pnsdk=PubNub-Ruby%2F5.6.0&seqn=84&store=0&uuid=server-development-45468a61
D, [2025-09-28T03:28:46.670090 #61930] DEBUG -- Pubnub::Event: Event#handle
D, [2025-09-28T03:28:46.670450 #61930] DEBUG -- Pubnub::Event: Firing callbacks for Pubnub::Publish
D, [2025-09-28T03:28:46.682145 #61930] DEBUG -- Pubnub::Event: Event#handle
D, [2025-09-28T03:28:46.682661 #61930] DEBUG -- Pubnub::Event: Firing callbacks for Pubnub::Publish
D, [2025-09-28T03:28:47.534727 #61930] DEBUG -- Pubnub::Telemetry: Fetching telemetry for l_pub
D, [2025-09-28T03:28:47.534786 #61930] DEBUG -- Pubnub::Telemetry: Current average: 0.9461606740951538
D, [2025-09-28T03:28:47.534851 #61930] DEBUG -- Pubnub::Event: Initialized Pubnub::Publish
D, [2025-09-28T03:28:47.535569 #61930] DEBUG -- Pubnub::Publish: Fired event Pubnub::Publish
D, [2025-09-28T03:28:47.535620 #61930] DEBUG -- Pubnub::Event: #send_request called
D, [2025-09-28T03:28:47.535702 #61930] DEBUG -- Pubnub::SingleEvent: #request_dispatcher called
D, [2025-09-28T03:28:47.535728 #61930] DEBUG -- Pubnub::Client: Looking for requester for async single_event
D, [2025-09-28T03:28:47.535841 #61930] DEBUG -- Pubnub::Event: #send_request got sender
D, [2025-09-28T03:28:47.535990 #61930] DEBUG -- Pubnub::Event: Requested URI: https://ps.pndsn.com/publish/pub-c-371423e2-0bd9-4c53-b56b-4d8589529cd7/sub-c-18ef4162-eec8-464d-8040-95b7ce1cb947/0/user.2.matches/0/%7B%22type%22%3A%22queue_joined%22%2C%22timestamp%22%3A1759012127%2C%22data%22%3A%7B%22status%22%3A%22waiting%22%2C%22queue_position%22%3Anull%2C%22estimated_wait_time%22%3A30%7D%7D?l_pub=0.946&ortt=%7B%22t%22%3A17590121275348750%7D&pnsdk=PubNub-Ruby%2F5.6.0&seqn=85&store=0&uuid=server-development-45468a61
D, [2025-09-28T03:28:47.576087 #61930] DEBUG -- Pubnub::Telemetry: Fetching telemetry for l_pub
D, [2025-09-28T03:28:47.576156 #61930] DEBUG -- Pubnub::Event: Initialized Pubnub::Publish
D, [2025-09-28T03:28:47.576859 #61930] DEBUG -- Pubnub::Publish: Fired event Pubnub::Publish
D, [2025-09-28T03:28:47.576889 #61930] DEBUG -- Pubnub::Event: #send_request called
D, [2025-09-28T03:28:47.576913 #61930] DEBUG -- Pubnub::SingleEvent: #request_dispatcher called
D, [2025-09-28T03:28:47.576933 #61930] DEBUG -- Pubnub::Client: Looking for requester for async single_event
D, [2025-09-28T03:28:47.576943 #61930] DEBUG -- Pubnub::Event: #send_request got sender
D, [2025-09-28T03:28:47.577021 #61930] DEBUG -- Pubnub::Event: Requested URI: https://ps.pndsn.com/publish/pub-c-371423e2-0bd9-4c53-b56b-4d8589529cd7/sub-c-18ef4162-eec8-464d-8040-95b7ce1cb947/0/user.2.matches/0/%7B%22type%22%3A%22queue_joined%22%2C%22timestamp%22%3A1759012127%2C%22data%22%3A%7B%22status%22%3A%22waiting%22%2C%22queue_position%22%3Anull%2C%22estimated_wait_time%22%3A30%7D%7D?ortt=%7B%22t%22%3A17590121275761762%7D&pnsdk=PubNub-Ruby%2F5.6.0&seqn=86&store=0&uuid=server-development-45468a61
D, [2025-09-28T03:28:47.726855 #61930] DEBUG -- Pubnub::Event: Event#handle
D, [2025-09-28T03:28:47.727105 #61930] DEBUG -- Pubnub::Event: Firing callbacks for Pubnub::Publish
D, [2025-09-28T03:28:47.772388 #61930] DEBUG -- Pubnub::Event: Event#handle
D, [2025-09-28T03:28:47.772777 #61930] DEBUG -- Pubnub::Event: Firing callbacks for Pubnub::Publish
D, [2025-09-28T03:28:49.567879 #61930] DEBUG -- Pubnub::Telemetry: Fetching telemetry for l_pub
D, [2025-09-28T03:28:49.567947 #61930] DEBUG -- Pubnub::Telemetry: Current average: 0.19309449195861816
D, [2025-09-28T03:28:49.568007 #61930] DEBUG -- Pubnub::Event: Initialized Pubnub::Publish
D, [2025-09-28T03:28:49.568439 #61930] DEBUG -- Pubnub::Publish: Fired event Pubnub::Publish
D, [2025-09-28T03:28:49.568538 #61930] DEBUG -- Pubnub::Event: #send_request called
D, [2025-09-28T03:28:49.569512 #61930] DEBUG -- Pubnub::SingleEvent: #request_dispatcher called
D, [2025-09-28T03:28:49.569550 #61930] DEBUG -- Pubnub::Client: Looking for requester for async single_event
D, [2025-09-28T03:28:49.569577 #61930] DEBUG -- Pubnub::Event: #send_request got sender
D, [2025-09-28T03:28:49.569783 #61930] DEBUG -- Pubnub::Event: Requested URI: https://ps.pndsn.com/publish/pub-c-371423e2-0bd9-4c53-b56b-4d8589529cd7/sub-c-18ef4162-eec8-464d-8040-95b7ce1cb947/0/user.2.matches/0/%7B%22type%22%3A%22match_failed%22%2C%22timestamp%22%3A1759012129%2C%22data%22%3A%7B%22status%22%3A%22no_match%22%2C%22reason%22%3A%22Staff%20users%20wait%20for%20real%20app%20users%20only%20-%20none%20currently%20available%22%2C%22retry_suggested%22%3Atrue%7D%7D?l_pub=0.193&ortt=%7B%22t%22%3A17590121295680268%7D&pnsdk=PubNub-Ruby%2F5.6.0&seqn=87&store=0&uuid=server-development-45468a61
D, [2025-09-28T03:28:49.608483 #61930] DEBUG -- Pubnub::Telemetry: Fetching telemetry for l_pub
D, [2025-09-28T03:28:49.608601 #61930] DEBUG -- Pubnub::Event: Initialized Pubnub::Publish
D, [2025-09-28T03:28:49.608861 #61930] DEBUG -- Pubnub::Publish: Fired event Pubnub::Publish
D, [2025-09-28T03:28:49.608917 #61930] DEBUG -- Pubnub::Event: #send_request called
D, [2025-09-28T03:28:49.608954 #61930] DEBUG -- Pubnub::SingleEvent: #request_dispatcher called
D, [2025-09-28T03:28:49.608983 #61930] DEBUG -- Pubnub::Client: Looking for requester for async single_event
D, [2025-09-28T03:28:49.609010 #61930] DEBUG -- Pubnub::Event: #send_request got sender
D, [2025-09-28T03:28:49.609208 #61930] DEBUG -- Pubnub::Event: Requested URI: https://ps.pndsn.com/publish/pub-c-371423e2-0bd9-4c53-b56b-4d8589529cd7/sub-c-18ef4162-eec8-464d-8040-95b7ce1cb947/0/user.2.matches/0/%7B%22type%22%3A%22match_failed%22%2C%22timestamp%22%3A1759012129%2C%22data%22%3A%7B%22status%22%3A%22no_match%22%2C%22reason%22%3A%22Staff%20users%20wait%20for%20real%20app%20users%20only%20-%20none%20currently%20available%22%2C%22retry_suggested%22%3Atrue%7D%7D?ortt=%7B%22t%22%3A17590121296086250%7D&pnsdk=PubNub-Ruby%2F5.6.0&seqn=88&store=0&uuid=server-development-45468a61
D, [2025-09-28T03:28:49.608895 #61930] DEBUG -- Pubnub::Telemetry: Fetching telemetry for l_pub
D, [2025-09-28T03:28:49.609938 #61930] DEBUG -- Pubnub::Event: Initialized Pubnub::Publish
D, [2025-09-28T03:28:49.610401 #61930] DEBUG -- Pubnub::Publish: Fired event Pubnub::Publish
D, [2025-09-28T03:28:49.610482 #61930] DEBUG -- Pubnub::Event: #send_request called
D, [2025-09-28T03:28:49.611632 #61930] DEBUG -- Pubnub::SingleEvent: #request_dispatcher called
D, [2025-09-28T03:28:49.611652 #61930] DEBUG -- Pubnub::Client: Looking for requester for async single_event
D, [2025-09-28T03:28:49.611666 #61930] DEBUG -- Pubnub::Event: #send_request got sender
D, [2025-09-28T03:28:49.611761 #61930] DEBUG -- Pubnub::Event: Requested URI: https://ps.pndsn.com/publish/pub-c-371423e2-0bd9-4c53-b56b-4d8589529cd7/sub-c-18ef4162-eec8-464d-8040-95b7ce1cb947/0/user.2.matches/0/%7B%22type%22%3A%22queue_joined%22%2C%22timestamp%22%3A1759012129%2C%22data%22%3A%7B%22status%22%3A%22waiting%22%2C%22queue_position%22%3Anull%2C%22estimated_wait_time%22%3A30%7D%7D?ortt=%7B%22t%22%3A17590121296099572%7D&pnsdk=PubNub-Ruby%2F5.6.0&seqn=89&store=0&uuid=server-development-45468a61
D, [2025-09-28T03:28:49.758184 #61930] DEBUG -- Pubnub::Event: Event#handle
D, [2025-09-28T03:28:49.758507 #61930] DEBUG -- Pubnub::Event: Firing callbacks for Pubnub::Publish
D, [2025-09-28T03:28:49.791743 #61930] DEBUG -- Pubnub::Event: Event#handle
D, [2025-09-28T03:28:49.792179 #61930] DEBUG -- Pubnub::Event: Firing callbacks for Pubnub::Publish
D, [2025-09-28T03:28:50.223236 #61930] DEBUG -- Pubnub::Event: Event#handle
D, [2025-09-28T03:28:50.223526 #61930] DEBUG -- Pubnub::Event: Firing callbacks for Pubnub::Publish
D, [2025-09-28T03:28:53.735247 #61930] DEBUG -- Pubnub::Telemetry: Fetching telemetry for l_pub
D, [2025-09-28T03:28:53.737907 #61930] DEBUG -- Pubnub::Telemetry: Current average: 0.3274860382080078
D, [2025-09-28T03:28:53.738459 #61930] DEBUG -- Pubnub::Event: Initialized Pubnub::Publish
D, [2025-09-28T03:28:53.740076 #61930] DEBUG -- Pubnub::Publish: Fired event Pubnub::Publish
D, [2025-09-28T03:28:53.740393 #61930] DEBUG -- Pubnub::Event: #send_request called
D, [2025-09-28T03:28:53.740429 #61930] DEBUG -- Pubnub::SingleEvent: #request_dispatcher called
D, [2025-09-28T03:28:53.740596 #61930] DEBUG -- Pubnub::Client: Looking for requester for async single_event
D, [2025-09-28T03:28:53.740648 #61930] DEBUG -- Pubnub::Event: #send_request got sender
D, [2025-09-28T03:28:53.741098 #61930] DEBUG -- Pubnub::Event: Requested URI: https://ps.pndsn.com/publish/pub-c-371423e2-0bd9-4c53-b56b-4d8589529cd7/sub-c-18ef4162-eec8-464d-8040-95b7ce1cb947/0/user.3.matches/0/%7B%22type%22%3A%22queue_joined%22%2C%22timestamp%22%3A1759012133%2C%22data%22%3A%7B%22status%22%3A%22waiting%22%2C%22queue_position%22%3Anull%2C%22estimated_wait_time%22%3A30%7D%7D?l_pub=0.327&ortt=%7B%22t%22%3A17590121337392600%7D&pnsdk=PubNub-Ruby%2F5.6.0&seqn=90&store=0&uuid=server-development-45468a61
D, [2025-09-28T03:28:53.759788 #61930] DEBUG -- Pubnub::Telemetry: Fetching telemetry for l_pub
D, [2025-09-28T03:28:53.759848 #61930] DEBUG -- Pubnub::Event: Initialized Pubnub::Publish
D, [2025-09-28T03:28:53.760052 #61930] DEBUG -- Pubnub::Publish: Fired event Pubnub::Publish
D, [2025-09-28T03:28:53.760175 #61930] DEBUG -- Pubnub::Event: #send_request called
D, [2025-09-28T03:28:53.760213 #61930] DEBUG -- Pubnub::SingleEvent: #request_dispatcher called
D, [2025-09-28T03:28:53.760245 #61930] DEBUG -- Pubnub::Client: Looking for requester for async single_event
D, [2025-09-28T03:28:53.760263 #61930] DEBUG -- Pubnub::Event: #send_request got sender
D, [2025-09-28T03:28:53.760343 #61930] DEBUG -- Pubnub::Event: Requested URI: https://ps.pndsn.com/publish/pub-c-371423e2-0bd9-4c53-b56b-4d8589529cd7/sub-c-18ef4162-eec8-464d-8040-95b7ce1cb947/0/vc.room_1759012133_a12e9033/0/%7B%22type%22%3A%22prepare_connection%22%2C%22from%22%3A%223%22%2C%22to%22%3A%222%22%2C%22session_version%22%3A%22version_1759012133_f7b63f5a%22%2C%22timestamp%22%3A1759012133%7D?ortt=%7B%22t%22%3A17590121337598588%7D&pnsdk=PubNub-Ruby%2F5.6.0&seqn=91&store=0&uuid=server-development-45468a61
D, [2025-09-28T03:28:53.760197 #61930] DEBUG -- Pubnub::Telemetry: Fetching telemetry for l_pub
D, [2025-09-28T03:28:53.760746 #61930] DEBUG -- Pubnub::Event: Initialized Pubnub::Publish
D, [2025-09-28T03:28:53.760805 #61930] DEBUG -- Pubnub::Publish: Fired event Pubnub::Publish
D, [2025-09-28T03:28:53.760822 #61930] DEBUG -- Pubnub::Event: #send_request called
D, [2025-09-28T03:28:53.760831 #61930] DEBUG -- Pubnub::SingleEvent: #request_dispatcher called
D, [2025-09-28T03:28:53.760839 #61930] DEBUG -- Pubnub::Client: Looking for requester for async single_event
D, [2025-09-28T03:28:53.760846 #61930] DEBUG -- Pubnub::Event: #send_request got sender
D, [2025-09-28T03:28:53.760931 #61930] DEBUG -- Pubnub::Event: Requested URI: https://ps.pndsn.com/publish/pub-c-371423e2-0bd9-4c53-b56b-4d8589529cd7/sub-c-18ef4162-eec8-464d-8040-95b7ce1cb947/0/user.3.matches/0/%7B%22type%22%3A%22match_found%22%2C%22timestamp%22%3A1759012133%2C%22data%22%3A%7B%22status%22%3A%22matched%22%2C%22room_id%22%3A%22room_1759012133_a12e9033%22%2C%22match_type%22%3A%22staff%22%2C%22actual_match_type%22%3A%22staff%22%2C%22partner%22%3A%7B%22id%22%3A2%2C%22type%22%3A%22staff%22%7D%2C%22is_initiator%22%3Afalse%2C%22session_version%22%3A%22version_1759012133_f7b63f5a%22%2C%22video_id%22%3Anull%2C%22video_url%22%3Anull%2C%22video_name%22%3Anull%7D%7D?ortt=%7B%22t%22%3A17590121337607648%7D&pnsdk=PubNub-Ruby%2F5.6.0&seqn=92&store=0&uuid=server-development-45468a61
D, [2025-09-28T03:28:53.762162 #61930] DEBUG -- Pubnub::Telemetry: Fetching telemetry for l_pub
D, [2025-09-28T03:28:53.762336 #61930] DEBUG -- Pubnub::Telemetry: Fetching telemetry for l_pub
D, [2025-09-28T03:28:53.762383 #61930] DEBUG -- Pubnub::Event: Initialized Pubnub::Publish
D, [2025-09-28T03:28:53.763004 #61930] DEBUG -- Pubnub::Telemetry: Fetching telemetry for l_pub
D, [2025-09-28T03:28:53.762745 #61930] DEBUG -- Pubnub::Event: Initialized Pubnub::Publish
D, [2025-09-28T03:28:53.763249 #61930] DEBUG -- Pubnub::Publish: Fired event Pubnub::Publish
D, [2025-09-28T03:28:53.763718 #61930] DEBUG -- Pubnub::Event: #send_request called
D, [2025-09-28T03:28:53.763754 #61930] DEBUG -- Pubnub::SingleEvent: #request_dispatcher called
D, [2025-09-28T03:28:53.763958 #61930] DEBUG -- Pubnub::Client: Looking for requester for async single_event
D, [2025-09-28T03:28:53.764014 #61930] DEBUG -- Pubnub::Event: #send_request got sender
D, [2025-09-28T03:28:53.764665 #61930] DEBUG -- Pubnub::Event: Requested URI: https://ps.pndsn.com/publish/pub-c-371423e2-0bd9-4c53-b56b-4d8589529cd7/sub-c-18ef4162-eec8-464d-8040-95b7ce1cb947/0/user.2.matches/0/%7B%22type%22%3A%22match_found%22%2C%22timestamp%22%3A1759012133%2C%22data%22%3A%7B%22status%22%3A%22matched%22%2C%22room_id%22%3A%22room_1759012133_a12e9033%22%2C%22match_type%22%3A%22staff%22%2C%22actual_match_type%22%3A%22staff%22%2C%22partner%22%3A%7B%22id%22%3A3%2C%22type%22%3A%22staff%22%7D%2C%22is_initiator%22%3Atrue%2C%22session_version%22%3A%22version_1759012133_f7b63f5a%22%2C%22video_id%22%3Anull%2C%22video_url%22%3Anull%2C%22video_name%22%3Anull%7D%7D?ortt=%7B%22t%22%3A17590121337629640%7D&pnsdk=PubNub-Ruby%2F5.6.0&seqn=93&store=0&uuid=server-development-45468a61
D, [2025-09-28T03:28:53.763537 #61930] DEBUG -- Pubnub::Publish: Fired event Pubnub::Publish
D, [2025-09-28T03:28:53.765306 #61930] DEBUG -- Pubnub::Event: #send_request called
D, [2025-09-28T03:28:53.765500 #61930] DEBUG -- Pubnub::SingleEvent: #request_dispatcher called
D, [2025-09-28T03:28:53.766251 #61930] DEBUG -- Pubnub::Client: Looking for requester for async single_event
D, [2025-09-28T03:28:53.766447 #61930] DEBUG -- Pubnub::Event: #send_request got sender
D, [2025-09-28T03:28:53.766774 #61930] DEBUG -- Pubnub::Event: Requested URI: https://ps.pndsn.com/publish/pub-c-371423e2-0bd9-4c53-b56b-4d8589529cd7/sub-c-18ef4162-eec8-464d-8040-95b7ce1cb947/0/user.3.matches/0/%7B%22type%22%3A%22match_found%22%2C%22timestamp%22%3A1759012133%2C%22data%22%3A%7B%22status%22%3A%22matched%22%2C%22room_id%22%3A%22room_1759012133_a12e9033%22%2C%22match_type%22%3A%22staff%22%2C%22actual_match_type%22%3A%22staff%22%2C%22partner%22%3A%7B%22id%22%3A2%2C%22type%22%3A%22staff%22%7D%2C%22is_initiator%22%3Afalse%2C%22session_version%22%3A%22version_1759012133_f7b63f5a%22%2C%22video_id%22%3Anull%2C%22video_url%22%3Anull%2C%22video_name%22%3Anull%7D%7D?ortt=%7B%22t%22%3A17590121337634260%7D&pnsdk=PubNub-Ruby%2F5.6.0&seqn=94&store=0&uuid=server-development-45468a61
D, [2025-09-28T03:28:53.763314 #61930] DEBUG -- Pubnub::Event: Initialized Pubnub::Publish
D, [2025-09-28T03:28:53.767710 #61930] DEBUG -- Pubnub::Publish: Fired event Pubnub::Publish
D, [2025-09-28T03:28:53.767742 #61930] DEBUG -- Pubnub::Event: #send_request called
D, [2025-09-28T03:28:53.767772 #61930] DEBUG -- Pubnub::SingleEvent: #request_dispatcher called
D, [2025-09-28T03:28:53.767811 #61930] DEBUG -- Pubnub::Client: Looking for requester for async single_event
D, [2025-09-28T03:28:53.767862 #61930] DEBUG -- Pubnub::Event: #send_request got sender
D, [2025-09-28T03:28:53.767985 #61930] DEBUG -- Pubnub::Event: Requested URI: https://ps.pndsn.com/publish/pub-c-371423e2-0bd9-4c53-b56b-4d8589529cd7/sub-c-18ef4162-eec8-464d-8040-95b7ce1cb947/0/user.2.matches/0/%7B%22type%22%3A%22match_found%22%2C%22timestamp%22%3A1759012133%2C%22data%22%3A%7B%22status%22%3A%22matched%22%2C%22room_id%22%3A%22room_1759012133_a12e9033%22%2C%22match_type%22%3A%22staff%22%2C%22actual_match_type%22%3A%22staff%22%2C%22partner%22%3A%7B%22id%22%3A3%2C%22type%22%3A%22staff%22%7D%2C%22is_initiator%22%3Atrue%2C%22session_version%22%3A%22version_1759012133_f7b63f5a%22%2C%22video_id%22%3Anull%2C%22video_url%22%3Anull%2C%22video_name%22%3Anull%7D%7D?ortt=%7B%22t%22%3A17590121337675788%7D&pnsdk=PubNub-Ruby%2F5.6.0&seqn=95&store=0&uuid=server-development-45468a61
D, [2025-09-28T03:28:53.928844 #61930] DEBUG -- Pubnub::Event: Event#handle
D, [2025-09-28T03:28:53.929098 #61930] DEBUG -- Pubnub::Event: Firing callbacks for Pubnub::Publish
D, [2025-09-28T03:28:53.936380 #61930] DEBUG -- Pubnub::Event: Event#handle
D, [2025-09-28T03:28:53.936539 #61930] DEBUG -- Pubnub::Event: Firing callbacks for Pubnub::Publish
D, [2025-09-28T03:28:53.944466 #61930] DEBUG -- Pubnub::Event: Event#handle
D, [2025-09-28T03:28:53.944625 #61930] DEBUG -- Pubnub::Event: Firing callbacks for Pubnub::Publish
D, [2025-09-28T03:28:53.949897 #61930] DEBUG -- Pubnub::Event: Event#handle
D, [2025-09-28T03:28:53.950142 #61930] DEBUG -- Pubnub::Event: Firing callbacks for Pubnub::Publish
D, [2025-09-28T03:28:53.958590 #61930] DEBUG -- Pubnub::Event: Event#handle
D, [2025-09-28T03:28:53.959171 #61930] DEBUG -- Pubnub::Event: Firing callbacks for Pubnub::Publish
D, [2025-09-28T03:28:53.959026 #61930] DEBUG -- Pubnub::Event: Event#handle
D, [2025-09-28T03:28:53.959615 #61930] DEBUG -- Pubnub::Event: Firing callbacks for Pubnub::Publish
D, [2025-09-28T03:29:01.193760 #61930] DEBUG -- Pubnub::Telemetry: Fetching telemetry for l_pub
D, [2025-09-28T03:29:01.193817 #61930] DEBUG -- Pubnub::Telemetry: Current average: 0.18594630559285483
D, [2025-09-28T03:29:01.193870 #61930] DEBUG -- Pubnub::Event: Initialized Pubnub::Publish
D, [2025-09-28T03:29:01.196039 #61930] DEBUG -- Pubnub::Publish: Fired event Pubnub::Publish
D, [2025-09-28T03:29:01.196088 #61930] DEBUG -- Pubnub::Event: #send_request called
D, [2025-09-28T03:29:01.196110 #61930] DEBUG -- Pubnub::SingleEvent: #request_dispatcher called
D, [2025-09-28T03:29:01.196132 #61930] DEBUG -- Pubnub::Client: Looking for requester for async single_event
D, [2025-09-28T03:29:01.196143 #61930] DEBUG -- Pubnub::Event: #send_request got sender
D, [2025-09-28T03:29:01.196245 #61930] DEBUG -- Pubnub::Event: Requested URI: https://ps.pndsn.com/publish/pub-c-371423e2-0bd9-4c53-b56b-4d8589529cd7/sub-c-18ef4162-eec8-464d-8040-95b7ce1cb947/0/user.2.matches/0/%7B%22type%22%3A%22queue_joined%22%2C%22timestamp%22%3A1759012141%2C%22data%22%3A%7B%22status%22%3A%22waiting%22%2C%22queue_position%22%3Anull%2C%22estimated_wait_time%22%3A30%7D%7D?l_pub=0.186&ortt=%7B%22t%22%3A17590121411938848%7D&pnsdk=PubNub-Ruby%2F5.6.0&seqn=96&store=0&uuid=server-development-45468a61
D, [2025-09-28T03:29:01.389461 #61930] DEBUG -- Pubnub::Event: Event#handle
D, [2025-09-28T03:29:01.390934 #61930] DEBUG -- Pubnub::Event: Firing callbacks for Pubnub::Publish
D, [2025-09-28T03:29:03.262963 #61930] DEBUG -- Pubnub::Telemetry: Fetching telemetry for l_pub
D, [2025-09-28T03:29:03.263053 #61930] DEBUG -- Pubnub::Telemetry: Current average: 0.19288086891174316
D, [2025-09-28T03:29:03.263140 #61930] DEBUG -- Pubnub::Event: Initialized Pubnub::Publish
D, [2025-09-28T03:29:03.263381 #61930] DEBUG -- Pubnub::Publish: Fired event Pubnub::Publish
D, [2025-09-28T03:29:03.263452 #61930] DEBUG -- Pubnub::Event: #send_request called
D, [2025-09-28T03:29:03.263481 #61930] DEBUG -- Pubnub::SingleEvent: #request_dispatcher called
D, [2025-09-28T03:29:03.263506 #61930] DEBUG -- Pubnub::Client: Looking for requester for async single_event
D, [2025-09-28T03:29:03.263532 #61930] DEBUG -- Pubnub::Event: #send_request got sender
D, [2025-09-28T03:29:03.263762 #61930] DEBUG -- Pubnub::Event: Requested URI: https://ps.pndsn.com/publish/pub-c-371423e2-0bd9-4c53-b56b-4d8589529cd7/sub-c-18ef4162-eec8-464d-8040-95b7ce1cb947/0/user.2.matches/0/%7B%22type%22%3A%22match_failed%22%2C%22timestamp%22%3A1759012143%2C%22data%22%3A%7B%22status%22%3A%22no_match%22%2C%22reason%22%3A%22Staff%20users%20wait%20for%20real%20app%20users%20only%20-%20none%20currently%20available%22%2C%22retry_suggested%22%3Atrue%7D%7D?l_pub=0.193&ortt=%7B%22t%22%3A17590121432631600%7D&pnsdk=PubNub-Ruby%2F5.6.0&seqn=97&store=0&uuid=server-development-45468a61
D, [2025-09-28T03:29:03.263425 #61930] DEBUG -- Pubnub::Telemetry: Fetching telemetry for l_pub
D, [2025-09-28T03:29:03.265191 #61930] DEBUG -- Pubnub::Event: Initialized Pubnub::Publish
D, [2025-09-28T03:29:03.266248 #61930] DEBUG -- Pubnub::Publish: Fired event Pubnub::Publish
D, [2025-09-28T03:29:03.266290 #61930] DEBUG -- Pubnub::Event: #send_request called
D, [2025-09-28T03:29:03.266315 #61930] DEBUG -- Pubnub::SingleEvent: #request_dispatcher called
D, [2025-09-28T03:29:03.266328 #61930] DEBUG -- Pubnub::Client: Looking for requester for async single_event
D, [2025-09-28T03:29:03.266340 #61930] DEBUG -- Pubnub::Event: #send_request got sender
D, [2025-09-28T03:29:03.266438 #61930] DEBUG -- Pubnub::Event: Requested URI: https://ps.pndsn.com/publish/pub-c-371423e2-0bd9-4c53-b56b-4d8589529cd7/sub-c-18ef4162-eec8-464d-8040-95b7ce1cb947/0/user.2.matches/0/%7B%22type%22%3A%22partner_left%22%2C%22timestamp%22%3A1759012143%2C%22data%22%3A%7B%22room_id%22%3A%22room_1759012133_a12e9033%22%2C%22action%22%3A%22find_new_match%22%7D%7D?ortt=%7B%22t%22%3A17590121432652328%7D&pnsdk=PubNub-Ruby%2F5.6.0&seqn=98&store=0&uuid=server-development-45468a61
D, [2025-09-28T03:29:03.279071 #61930] DEBUG -- Pubnub::Telemetry: Fetching telemetry for l_pub
D, [2025-09-28T03:29:03.279164 #61930] DEBUG -- Pubnub::Event: Initialized Pubnub::Publish
D, [2025-09-28T03:29:03.279789 #61930] DEBUG -- Pubnub::Publish: Fired event Pubnub::Publish
D, [2025-09-28T03:29:03.279827 #61930] DEBUG -- Pubnub::Event: #send_request called
D, [2025-09-28T03:29:03.279858 #61930] DEBUG -- Pubnub::SingleEvent: #request_dispatcher called
D, [2025-09-28T03:29:03.279887 #61930] DEBUG -- Pubnub::Client: Looking for requester for async single_event
D, [2025-09-28T03:29:03.279904 #61930] DEBUG -- Pubnub::Event: #send_request got sender
D, [2025-09-28T03:29:03.280043 #61930] DEBUG -- Pubnub::Event: Requested URI: https://ps.pndsn.com/publish/pub-c-371423e2-0bd9-4c53-b56b-4d8589529cd7/sub-c-18ef4162-eec8-464d-8040-95b7ce1cb947/0/user.3.matches/0/%7B%22type%22%3A%22queue_joined%22%2C%22timestamp%22%3A1759012143%2C%22data%22%3A%7B%22status%22%3A%22waiting%22%2C%22queue_position%22%3Anull%2C%22estimated_wait_time%22%3A30%7D%7D?ortt=%7B%22t%22%3A17590121432791948%7D&pnsdk=PubNub-Ruby%2F5.6.0&seqn=99&store=0&uuid=server-development-45468a61
D, [2025-09-28T03:29:03.308477 #61930] DEBUG -- Pubnub::Telemetry: Fetching telemetry for l_pub
D, [2025-09-28T03:29:03.308530 #61930] DEBUG -- Pubnub::Telemetry: Fetching telemetry for l_pub
D, [2025-09-28T03:29:03.308556 #61930] DEBUG -- Pubnub::Event: Initialized Pubnub::Publish
D, [2025-09-28T03:29:03.308612 #61930] DEBUG -- Pubnub::Event: Initialized Pubnub::Publish
D, [2025-09-28T03:29:03.309451 #61930] DEBUG -- Pubnub::Telemetry: Fetching telemetry for l_pub
D, [2025-09-28T03:29:03.309060 #61930] DEBUG -- Pubnub::Publish: Fired event Pubnub::Publish
D, [2025-09-28T03:29:03.310154 #61930] DEBUG -- Pubnub::Event: #send_request called
D, [2025-09-28T03:29:03.310364 #61930] DEBUG -- Pubnub::SingleEvent: #request_dispatcher called
D, [2025-09-28T03:29:03.310974 #61930] DEBUG -- Pubnub::Client: Looking for requester for async single_event
D, [2025-09-28T03:29:03.311057 #61930] DEBUG -- Pubnub::Event: #send_request got sender
D, [2025-09-28T03:29:03.312189 #61930] DEBUG -- Pubnub::Event: Requested URI: https://ps.pndsn.com/publish/pub-c-371423e2-0bd9-4c53-b56b-4d8589529cd7/sub-c-18ef4162-eec8-464d-8040-95b7ce1cb947/0/user.2.matches/0/%7B%22type%22%3A%22partner_left%22%2C%22timestamp%22%3A1759012143%2C%22data%22%3A%7B%22room_id%22%3A%22room_1759012133_a12e9033%22%2C%22action%22%3A%22find_new_match%22%7D%7D?ortt=%7B%22t%22%3A17590121433086370%7D&pnsdk=PubNub-Ruby%2F5.6.0&seqn=100&store=0&uuid=server-development-45468a61
D, [2025-09-28T03:29:03.309968 #61930] DEBUG -- Pubnub::Event: Initialized Pubnub::Publish
D, [2025-09-28T03:29:03.309877 #61930] DEBUG -- Pubnub::Publish: Fired event Pubnub::Publish
D, [2025-09-28T03:29:03.314205 #61930] DEBUG -- Pubnub::Event: #send_request called
D, [2025-09-28T03:29:03.314402 #61930] DEBUG -- Pubnub::SingleEvent: #request_dispatcher called
D, [2025-09-28T03:29:03.314915 #61930] DEBUG -- Pubnub::Client: Looking for requester for async single_event
D, [2025-09-28T03:29:03.315175 #61930] DEBUG -- Pubnub::Event: #send_request got sender
D, [2025-09-28T03:29:03.315587 #61930] DEBUG -- Pubnub::Event: Requested URI: https://ps.pndsn.com/publish/pub-c-371423e2-0bd9-4c53-b56b-4d8589529cd7/sub-c-18ef4162-eec8-464d-8040-95b7ce1cb947/0/user.3.matches/0/%7B%22type%22%3A%22match_found%22%2C%22timestamp%22%3A1759012143%2C%22data%22%3A%7B%22status%22%3A%22matched%22%2C%22room_id%22%3A%22room_1759012143_a83bf95d%22%2C%22match_type%22%3A%22video%22%2C%22actual_match_type%22%3A%22video%22%2C%22partner%22%3A%7B%22id%22%3A%22video%22%2C%22type%22%3A%22video%22%7D%2C%22is_initiator%22%3Atrue%2C%22session_version%22%3A%22version_1759012143_b991a7a9%22%2C%22video_id%22%3A1%2C%22video_url%22%3A%22https%3A%2F%2Fres.cloudinary.com%2Fdnxuijplb%2Fvideo%2Fupload%2Fv1%2Fjuicy_meets%2F34i0annr2s0d64gqw8ez3ze0b5ri.mp4%3F_a%3DBACCg%2BEv%22%2C%22video_name%22%3A%22four%22%7D%7D?ortt=%7B%22t%22%3A17590121433094030%7D&pnsdk=PubNub-Ruby%2F5.6.0&seqn=101&store=0&uuid=server-development-45468a61
D, [2025-09-28T03:29:03.314168 #61930] DEBUG -- Pubnub::Publish: Fired event Pubnub::Publish
D, [2025-09-28T03:29:03.316271 #61930] DEBUG -- Pubnub::Event: #send_request called
D, [2025-09-28T03:29:03.316361 #61930] DEBUG -- Pubnub::SingleEvent: #request_dispatcher called
D, [2025-09-28T03:29:03.316422 #61930] DEBUG -- Pubnub::Client: Looking for requester for async single_event
D, [2025-09-28T03:29:03.316462 #61930] DEBUG -- Pubnub::Event: #send_request got sender
D, [2025-09-28T03:29:03.316642 #61930] DEBUG -- Pubnub::Event: Requested URI: https://ps.pndsn.com/publish/pub-c-371423e2-0bd9-4c53-b56b-4d8589529cd7/sub-c-18ef4162-eec8-464d-8040-95b7ce1cb947/0/user.3.matches/0/%7B%22type%22%3A%22match_found%22%2C%22timestamp%22%3A1759012143%2C%22data%22%3A%7B%22status%22%3A%22matched%22%2C%22room_id%22%3A%22room_1759012143_a83bf95d%22%2C%22match_type%22%3A%22video%22%2C%22actual_match_type%22%3A%22video%22%2C%22partner%22%3A%7B%22id%22%3A%22video%22%2C%22type%22%3A%22video%22%7D%2C%22is_initiator%22%3Atrue%2C%22session_version%22%3A%22version_1759012143_b991a7a9%22%2C%22video_id%22%3A1%2C%22video_url%22%3A%22https%3A%2F%2Fres.cloudinary.com%2Fdnxuijplb%2Fvideo%2Fupload%2Fv1%2Fjuicy_meets%2F34i0annr2s0d64gqw8ez3ze0b5ri.mp4%3F_a%3DBACCg%2BEv%22%2C%22video_name%22%3A%22four%22%7D%7D?ortt=%7B%22t%22%3A17590121433139090%7D&pnsdk=PubNub-Ruby%2F5.6.0&seqn=102&store=0&uuid=server-development-45468a61
D, [2025-09-28T03:29:03.453351 #61930] DEBUG -- Pubnub::Event: Event#handle
D, [2025-09-28T03:29:03.453514 #61930] DEBUG -- Pubnub::Event: Firing callbacks for Pubnub::Publish
D, [2025-09-28T03:29:03.456792 #61930] DEBUG -- Pubnub::Event: Event#handle
D, [2025-09-28T03:29:03.456890 #61930] DEBUG -- Pubnub::Event: Firing callbacks for Pubnub::Publish
D, [2025-09-28T03:29:03.473670 #61930] DEBUG -- Pubnub::Event: Event#handle
D, [2025-09-28T03:29:03.473849 #61930] DEBUG -- Pubnub::Event: Firing callbacks for Pubnub::Publish
D, [2025-09-28T03:29:03.492229 #61930] DEBUG -- Pubnub::Event: Event#handle
D, [2025-09-28T03:29:03.492493 #61930] DEBUG -- Pubnub::Event: Firing callbacks for Pubnub::Publish
D, [2025-09-28T03:29:03.493612 #61930] DEBUG -- Pubnub::Event: Event#handle
D, [2025-09-28T03:29:03.493689 #61930] DEBUG -- Pubnub::Event: Firing callbacks for Pubnub::Publish
D, [2025-09-28T03:29:03.507467 #61930] DEBUG -- Pubnub::Event: Event#handle
D, [2025-09-28T03:29:03.507615 #61930] DEBUG -- Pubnub::Event: Firing callbacks for Pubnub::Publish
D, [2025-09-28T03:29:03.948406 #61930] DEBUG -- Pubnub::Telemetry: Fetching telemetry for l_pub
D, [2025-09-28T03:29:03.948452 #61930] DEBUG -- Pubnub::Telemetry: Current average: 0.187284787495931
D, [2025-09-28T03:29:03.948542 #61930] DEBUG -- Pubnub::Event: Initialized Pubnub::Publish
D, [2025-09-28T03:29:03.949705 #61930] DEBUG -- Pubnub::Publish: Fired event Pubnub::Publish
D, [2025-09-28T03:29:03.949755 #61930] DEBUG -- Pubnub::Event: #send_request called
D, [2025-09-28T03:29:03.949779 #61930] DEBUG -- Pubnub::SingleEvent: #request_dispatcher called
D, [2025-09-28T03:29:03.949801 #61930] DEBUG -- Pubnub::Client: Looking for requester for async single_event
D, [2025-09-28T03:29:03.949818 #61930] DEBUG -- Pubnub::Event: #send_request got sender
D, [2025-09-28T03:29:03.949909 #61930] DEBUG -- Pubnub::Event: Requested URI: https://ps.pndsn.com/publish/pub-c-371423e2-0bd9-4c53-b56b-4d8589529cd7/sub-c-18ef4162-eec8-464d-8040-95b7ce1cb947/0/user.2.matches/0/%7B%22type%22%3A%22queue_joined%22%2C%22timestamp%22%3A1759012143%2C%22data%22%3A%7B%22status%22%3A%22waiting%22%2C%22queue_position%22%3Anull%2C%22estimated_wait_time%22%3A30%7D%7D?l_pub=0.187&ortt=%7B%22t%22%3A17590121439491170%7D&pnsdk=PubNub-Ruby%2F5.6.0&seqn=103&store=0&uuid=server-development-45468a61
D, [2025-09-28T03:29:03.963060 #61930] DEBUG -- Pubnub::Telemetry: Fetching telemetry for l_pub
D, [2025-09-28T03:29:03.963122 #61930] DEBUG -- Pubnub::Event: Initialized Pubnub::Publish
D, [2025-09-28T03:29:03.963720 #61930] DEBUG -- Pubnub::Publish: Fired event Pubnub::Publish
D, [2025-09-28T03:29:03.963766 #61930] DEBUG -- Pubnub::Event: #send_request called
D, [2025-09-28T03:29:03.963796 #61930] DEBUG -- Pubnub::SingleEvent: #request_dispatcher called
D, [2025-09-28T03:29:03.963810 #61930] DEBUG -- Pubnub::Client: Looking for requester for async single_event
D, [2025-09-28T03:29:03.963819 #61930] DEBUG -- Pubnub::Event: #send_request got sender
D, [2025-09-28T03:29:03.963922 #61930] DEBUG -- Pubnub::Event: Requested URI: https://ps.pndsn.com/publish/pub-c-371423e2-0bd9-4c53-b56b-4d8589529cd7/sub-c-18ef4162-eec8-464d-8040-95b7ce1cb947/0/user.2.matches/0/%7B%22type%22%3A%22queue_joined%22%2C%22timestamp%22%3A1759012143%2C%22data%22%3A%7B%22status%22%3A%22waiting%22%2C%22queue_position%22%3Anull%2C%22estimated_wait_time%22%3A30%7D%7D?ortt=%7B%22t%22%3A17590121439631370%7D&pnsdk=PubNub-Ruby%2F5.6.0&seqn=104&store=0&uuid=server-development-45468a61
D, [2025-09-28T03:29:04.141582 #61930] DEBUG -- Pubnub::Event: Event#handle
D, [2025-09-28T03:29:04.142045 #61930] DEBUG -- Pubnub::Event: Firing callbacks for Pubnub::Publish
D, [2025-09-28T03:29:04.141824 #61930] DEBUG -- Pubnub::Event: Event#handle
D, [2025-09-28T03:29:04.142170 #61930] DEBUG -- Pubnub::Event: Firing callbacks for Pubnub::Publish
D, [2025-09-28T03:29:06.006521 #61930] DEBUG -- Pubnub::Telemetry: Fetching telemetry for l_pub
D, [2025-09-28T03:29:06.006635 #61930] DEBUG -- Pubnub::Telemetry: Current average: 0.18481791019439697
D, [2025-09-28T03:29:06.006992 #61930] DEBUG -- Pubnub::Event: Initialized Pubnub::Publish
D, [2025-09-28T03:29:06.007810 #61930] DEBUG -- Pubnub::Publish: Fired event Pubnub::Publish
D, [2025-09-28T03:29:06.007861 #61930] DEBUG -- Pubnub::Event: #send_request called
D, [2025-09-28T03:29:06.008324 #61930] DEBUG -- Pubnub::SingleEvent: #request_dispatcher called
D, [2025-09-28T03:29:06.008352 #61930] DEBUG -- Pubnub::Client: Looking for requester for async single_event
D, [2025-09-28T03:29:06.008376 #61930] DEBUG -- Pubnub::Event: #send_request got sender
D, [2025-09-28T03:29:06.008484 #61930] DEBUG -- Pubnub::Event: Requested URI: https://ps.pndsn.com/publish/pub-c-371423e2-0bd9-4c53-b56b-4d8589529cd7/sub-c-18ef4162-eec8-464d-8040-95b7ce1cb947/0/user.2.matches/0/%7B%22type%22%3A%22match_failed%22%2C%22timestamp%22%3A1759012146%2C%22data%22%3A%7B%22status%22%3A%22no_match%22%2C%22reason%22%3A%22Staff%20users%20wait%20for%20real%20app%20users%20only%20-%20none%20currently%20available%22%2C%22retry_suggested%22%3Atrue%7D%7D?l_pub=0.185&ortt=%7B%22t%22%3A17590121460070240%7D&pnsdk=PubNub-Ruby%2F5.6.0&seqn=105&store=0&uuid=server-development-45468a61
D, [2025-09-28T03:29:06.011406 #61930] DEBUG -- Pubnub::Telemetry: Fetching telemetry for l_pub
D, [2025-09-28T03:29:06.011446 #61930] DEBUG -- Pubnub::Event: Initialized Pubnub::Publish
D, [2025-09-28T03:29:06.011624 #61930] DEBUG -- Pubnub::Publish: Fired event Pubnub::Publish
D, [2025-09-28T03:29:06.011688 #61930] DEBUG -- Pubnub::Event: #send_request called
D, [2025-09-28T03:29:06.012056 #61930] DEBUG -- Pubnub::SingleEvent: #request_dispatcher called
D, [2025-09-28T03:29:06.012073 #61930] DEBUG -- Pubnub::Client: Looking for requester for async single_event
D, [2025-09-28T03:29:06.012084 #61930] DEBUG -- Pubnub::Event: #send_request got sender
D, [2025-09-28T03:29:06.012167 #61930] DEBUG -- Pubnub::Event: Requested URI: https://ps.pndsn.com/publish/pub-c-371423e2-0bd9-4c53-b56b-4d8589529cd7/sub-c-18ef4162-eec8-464d-8040-95b7ce1cb947/0/user.2.matches/0/%7B%22type%22%3A%22match_failed%22%2C%22timestamp%22%3A1759012146%2C%22data%22%3A%7B%22status%22%3A%22no_match%22%2C%22reason%22%3A%22Staff%20users%20wait%20for%20real%20app%20users%20only%20-%20none%20currently%20available%22%2C%22retry_suggested%22%3Atrue%7D%7D?ortt=%7B%22t%22%3A17590121460114630%7D&pnsdk=PubNub-Ruby%2F5.6.0&seqn=106&store=0&uuid=server-development-45468a61
D, [2025-09-28T03:29:06.191187 #61930] DEBUG -- Pubnub::Event: Event#handle
D, [2025-09-28T03:29:06.191548 #61930] DEBUG -- Pubnub::Event: Firing callbacks for Pubnub::Publish
D, [2025-09-28T03:29:06.197660 #61930] DEBUG -- Pubnub::Event: Event#handle
D, [2025-09-28T03:29:06.197911 #61930] DEBUG -- Pubnub::Event: Firing callbacks for Pubnub::Publish
D, [2025-09-28T03:29:12.524646 #61930] DEBUG -- Pubnub::Telemetry: Fetching telemetry for l_pub
D, [2025-09-28T03:29:12.524688 #61930] DEBUG -- Pubnub::Telemetry: Current average: 0.1839144229888916
D, [2025-09-28T03:29:12.524732 #61930] DEBUG -- Pubnub::Event: Initialized Pubnub::Publish
D, [2025-09-28T03:29:12.525812 #61930] DEBUG -- Pubnub::Publish: Fired event Pubnub::Publish
D, [2025-09-28T03:29:12.525857 #61930] DEBUG -- Pubnub::Event: #send_request called
D, [2025-09-28T03:29:12.525871 #61930] DEBUG -- Pubnub::SingleEvent: #request_dispatcher called
D, [2025-09-28T03:29:12.525882 #61930] DEBUG -- Pubnub::Client: Looking for requester for async single_event
D, [2025-09-28T03:29:12.525893 #61930] DEBUG -- Pubnub::Event: #send_request got sender
D, [2025-09-28T03:29:12.525999 #61930] DEBUG -- Pubnub::Event: Requested URI: https://ps.pndsn.com/publish/pub-c-371423e2-0bd9-4c53-b56b-4d8589529cd7/sub-c-18ef4162-eec8-464d-8040-95b7ce1cb947/0/user.3.matches/0/%7B%22type%22%3A%22queue_joined%22%2C%22timestamp%22%3A1759012152%2C%22data%22%3A%7B%22status%22%3A%22waiting%22%2C%22queue_position%22%3Anull%2C%22estimated_wait_time%22%3A30%7D%7D?l_pub=0.184&ortt=%7B%22t%22%3A17590121525247468%7D&pnsdk=PubNub-Ruby%2F5.6.0&seqn=107&store=0&uuid=server-development-45468a61
D, [2025-09-28T03:29:12.544174 #61930] DEBUG -- Pubnub::Telemetry: Fetching telemetry for l_pub
D, [2025-09-28T03:29:12.544249 #61930] DEBUG -- Pubnub::Event: Initialized Pubnub::Publish
D, [2025-09-28T03:29:12.544571 #61930] DEBUG -- Pubnub::Publish: Fired event Pubnub::Publish
D, [2025-09-28T03:29:12.544716 #61930] DEBUG -- Pubnub::Event: #send_request called
D, [2025-09-28T03:29:12.544760 #61930] DEBUG -- Pubnub::SingleEvent: #request_dispatcher called
D, [2025-09-28T03:29:12.544792 #61930] DEBUG -- Pubnub::Client: Looking for requester for async single_event
D, [2025-09-28T03:29:12.544816 #61930] DEBUG -- Pubnub::Event: #send_request got sender
D, [2025-09-28T03:29:12.544931 #61930] DEBUG -- Pubnub::Event: Requested URI: https://ps.pndsn.com/publish/pub-c-371423e2-0bd9-4c53-b56b-4d8589529cd7/sub-c-18ef4162-eec8-464d-8040-95b7ce1cb947/0/vc.room_1759012152_7698cae8/0/%7B%22type%22%3A%22prepare_connection%22%2C%22from%22%3A%223%22%2C%22to%22%3A%222%22%2C%22session_version%22%3A%22version_1759012152_d365a897%22%2C%22timestamp%22%3A1759012152%7D?ortt=%7B%22t%22%3A17590121525442638%7D&pnsdk=PubNub-Ruby%2F5.6.0&seqn=108&store=0&uuid=server-development-45468a61
D, [2025-09-28T03:29:12.544747 #61930] DEBUG -- Pubnub::Telemetry: Fetching telemetry for l_pub
D, [2025-09-28T03:29:12.545295 #61930] DEBUG -- Pubnub::Event: Initialized Pubnub::Publish
D, [2025-09-28T03:29:12.545354 #61930] DEBUG -- Pubnub::Publish: Fired event Pubnub::Publish
D, [2025-09-28T03:29:12.545373 #61930] DEBUG -- Pubnub::Event: #send_request called
D, [2025-09-28T03:29:12.545383 #61930] DEBUG -- Pubnub::SingleEvent: #request_dispatcher called
D, [2025-09-28T03:29:12.545391 #61930] DEBUG -- Pubnub::Client: Looking for requester for async single_event
D, [2025-09-28T03:29:12.545399 #61930] DEBUG -- Pubnub::Event: #send_request got sender
D, [2025-09-28T03:29:12.545494 #61930] DEBUG -- Pubnub::Event: Requested URI: https://ps.pndsn.com/publish/pub-c-371423e2-0bd9-4c53-b56b-4d8589529cd7/sub-c-18ef4162-eec8-464d-8040-95b7ce1cb947/0/user.3.matches/0/%7B%22type%22%3A%22match_found%22%2C%22timestamp%22%3A1759012152%2C%22data%22%3A%7B%22status%22%3A%22matched%22%2C%22room_id%22%3A%22room_1759012152_7698cae8%22%2C%22match_type%22%3A%22staff%22%2C%22actual_match_type%22%3A%22staff%22%2C%22partner%22%3A%7B%22id%22%3A2%2C%22type%22%3A%22staff%22%7D%2C%22is_initiator%22%3Afalse%2C%22session_version%22%3A%22version_1759012152_d365a897%22%2C%22video_id%22%3Anull%2C%22video_url%22%3Anull%2C%22video_name%22%3Anull%7D%7D?ortt=%7B%22t%22%3A17590121525453078%7D&pnsdk=PubNub-Ruby%2F5.6.0&seqn=109&store=0&uuid=server-development-45468a61
D, [2025-09-28T03:29:12.547027 #61930] DEBUG -- Pubnub::Telemetry: Fetching telemetry for l_pub
D, [2025-09-28T03:29:12.547215 #61930] DEBUG -- Pubnub::Telemetry: Fetching telemetry for l_pub
D, [2025-09-28T03:29:12.547237 #61930] DEBUG -- Pubnub::Event: Initialized Pubnub::Publish
D, [2025-09-28T03:29:12.547829 #61930] DEBUG -- Pubnub::Telemetry: Fetching telemetry for l_pub
D, [2025-09-28T03:29:12.547528 #61930] DEBUG -- Pubnub::Event: Initialized Pubnub::Publish
D, [2025-09-28T03:29:12.548118 #61930] DEBUG -- Pubnub::Publish: Fired event Pubnub::Publish
D, [2025-09-28T03:29:12.550355 #61930] DEBUG -- Pubnub::Event: #send_request called
D, [2025-09-28T03:29:12.550431 #61930] DEBUG -- Pubnub::SingleEvent: #request_dispatcher called
D, [2025-09-28T03:29:12.550730 #61930] DEBUG -- Pubnub::Client: Looking for requester for async single_event
D, [2025-09-28T03:29:12.550870 #61930] DEBUG -- Pubnub::Event: #send_request got sender
D, [2025-09-28T03:29:12.551529 #61930] DEBUG -- Pubnub::Event: Requested URI: https://ps.pndsn.com/publish/pub-c-371423e2-0bd9-4c53-b56b-4d8589529cd7/sub-c-18ef4162-eec8-464d-8040-95b7ce1cb947/0/user.2.matches/0/%7B%22type%22%3A%22match_found%22%2C%22timestamp%22%3A1759012152%2C%22data%22%3A%7B%22status%22%3A%22matched%22%2C%22room_id%22%3A%22room_1759012152_7698cae8%22%2C%22match_type%22%3A%22staff%22%2C%22actual_match_type%22%3A%22staff%22%2C%22partner%22%3A%7B%22id%22%3A3%2C%22type%22%3A%22staff%22%7D%2C%22is_initiator%22%3Atrue%2C%22session_version%22%3A%22version_1759012152_d365a897%22%2C%22video_id%22%3Anull%2C%22video_url%22%3Anull%2C%22video_name%22%3Anull%7D%7D?ortt=%7B%22t%22%3A17590121525477710%7D&pnsdk=PubNub-Ruby%2F5.6.0&seqn=110&store=0&uuid=server-development-45468a61
D, [2025-09-28T03:29:12.548513 #61930] DEBUG -- Pubnub::Publish: Fired event Pubnub::Publish
D, [2025-09-28T03:29:12.552715 #61930] DEBUG -- Pubnub::Event: #send_request called
D, [2025-09-28T03:29:12.553167 #61930] DEBUG -- Pubnub::SingleEvent: #request_dispatcher called
D, [2025-09-28T03:29:12.553300 #61930] DEBUG -- Pubnub::Client: Looking for requester for async single_event
D, [2025-09-28T03:29:12.553471 #61930] DEBUG -- Pubnub::Event: #send_request got sender
D, [2025-09-28T03:29:12.553805 #61930] DEBUG -- Pubnub::Event: Requested URI: https://ps.pndsn.com/publish/pub-c-371423e2-0bd9-4c53-b56b-4d8589529cd7/sub-c-18ef4162-eec8-464d-8040-95b7ce1cb947/0/user.3.matches/0/%7B%22type%22%3A%22match_found%22%2C%22timestamp%22%3A1759012152%2C%22data%22%3A%7B%22status%22%3A%22matched%22%2C%22room_id%22%3A%22room_1759012152_7698cae8%22%2C%22match_type%22%3A%22staff%22%2C%22actual_match_type%22%3A%22staff%22%2C%22partner%22%3A%7B%22id%22%3A2%2C%22type%22%3A%22staff%22%7D%2C%22is_initiator%22%3Afalse%2C%22session_version%22%3A%22version_1759012152_d365a897%22%2C%22video_id%22%3Anull%2C%22video_url%22%3Anull%2C%22video_name%22%3Anull%7D%7D?ortt=%7B%22t%22%3A17590121525483640%7D&pnsdk=PubNub-Ruby%2F5.6.0&seqn=111&store=0&uuid=server-development-45468a61
D, [2025-09-28T03:29:12.548209 #61930] DEBUG -- Pubnub::Event: Initialized Pubnub::Publish
D, [2025-09-28T03:29:12.554507 #61930] DEBUG -- Pubnub::Publish: Fired event Pubnub::Publish
D, [2025-09-28T03:29:12.554549 #61930] DEBUG -- Pubnub::Event: #send_request called
D, [2025-09-28T03:29:12.554587 #61930] DEBUG -- Pubnub::SingleEvent: #request_dispatcher called
D, [2025-09-28T03:29:12.554614 #61930] DEBUG -- Pubnub::Client: Looking for requester for async single_event
D, [2025-09-28T03:29:12.554646 #61930] DEBUG -- Pubnub::Event: #send_request got sender
D, [2025-09-28T03:29:12.554794 #61930] DEBUG -- Pubnub::Event: Requested URI: https://ps.pndsn.com/publish/pub-c-371423e2-0bd9-4c53-b56b-4d8589529cd7/sub-c-18ef4162-eec8-464d-8040-95b7ce1cb947/0/user.2.matches/0/%7B%22type%22%3A%22match_found%22%2C%22timestamp%22%3A1759012152%2C%22data%22%3A%7B%22status%22%3A%22matched%22%2C%22room_id%22%3A%22room_1759012152_7698cae8%22%2C%22match_type%22%3A%22staff%22%2C%22actual_match_type%22%3A%22staff%22%2C%22partner%22%3A%7B%22id%22%3A3%2C%22type%22%3A%22staff%22%7D%2C%22is_initiator%22%3Atrue%2C%22session_version%22%3A%22version_1759012152_d365a897%22%2C%22video_id%22%3Anull%2C%22video_url%22%3Anull%2C%22video_name%22%3Anull%7D%7D?ortt=%7B%22t%22%3A17590121525543712%7D&pnsdk=PubNub-Ruby%2F5.6.0&seqn=112&store=0&uuid=server-development-45468a61
D, [2025-09-28T03:29:12.717006 #61930] DEBUG -- Pubnub::Event: Event#handle
D, [2025-09-28T03:29:12.717242 #61930] DEBUG -- Pubnub::Event: Firing callbacks for Pubnub::Publish
D, [2025-09-28T03:29:12.725908 #61930] DEBUG -- Pubnub::Event: Event#handle
D, [2025-09-28T03:29:12.726270 #61930] DEBUG -- Pubnub::Event: Firing callbacks for Pubnub::Publish
D, [2025-09-28T03:29:12.726117 #61930] DEBUG -- Pubnub::Event: Event#handle
D, [2025-09-28T03:29:12.726368 #61930] DEBUG -- Pubnub::Event: Firing callbacks for Pubnub::Publish
D, [2025-09-28T03:29:12.776859 #61930] DEBUG -- Pubnub::Event: Event#handle
D, [2025-09-28T03:29:12.777065 #61930] DEBUG -- Pubnub::Event: Firing callbacks for Pubnub::Publish
D, [2025-09-28T03:29:12.778508 #61930] DEBUG -- Pubnub::Event: Event#handle
D, [2025-09-28T03:29:12.778709 #61930] DEBUG -- Pubnub::Event: Firing callbacks for Pubnub::Publish
D, [2025-09-28T03:29:13.146709 #61930] DEBUG -- Pubnub::Event: Event#handle
D, [2025-09-28T03:29:13.147180 #61930] DEBUG -- Pubnub::Event: Firing callbacks for Pubnub::Publish
D, [2025-09-28T03:29:28.141202 #61930] DEBUG -- Pubnub::Telemetry: Fetching telemetry for l_pub
D, [2025-09-28T03:29:28.141245 #61930] DEBUG -- Pubnub::Telemetry: Current average: 0.26579900582631427
D, [2025-09-28T03:29:28.141289 #61930] DEBUG -- Pubnub::Event: Initialized Pubnub::Publish
D, [2025-09-28T03:29:28.141737 #61930] DEBUG -- Pubnub::Publish: Fired event Pubnub::Publish
D, [2025-09-28T03:29:28.141757 #61930] DEBUG -- Pubnub::Event: #send_request called
D, [2025-09-28T03:29:28.141770 #61930] DEBUG -- Pubnub::SingleEvent: #request_dispatcher called
D, [2025-09-28T03:29:28.141780 #61930] DEBUG -- Pubnub::Client: Looking for requester for async single_event
D, [2025-09-28T03:29:28.141789 #61930] DEBUG -- Pubnub::Event: #send_request got sender
D, [2025-09-28T03:29:28.141878 #61930] DEBUG -- Pubnub::Event: Requested URI: https://ps.pndsn.com/publish/pub-c-371423e2-0bd9-4c53-b56b-4d8589529cd7/sub-c-18ef4162-eec8-464d-8040-95b7ce1cb947/0/user.2.matches/0/%7B%22type%22%3A%22queue_joined%22%2C%22timestamp%22%3A1759012168%2C%22data%22%3A%7B%22status%22%3A%22waiting%22%2C%22queue_position%22%3Anull%2C%22estimated_wait_time%22%3A30%7D%7D?l_pub=0.266&ortt=%7B%22t%22%3A17590121681413022%7D&pnsdk=PubNub-Ruby%2F5.6.0&seqn=113&store=0&uuid=server-development-45468a61
D, [2025-09-28T03:29:28.444550 #61930] DEBUG -- Pubnub::Telemetry: Fetching telemetry for l_pub
D, [2025-09-28T03:29:28.444642 #61930] DEBUG -- Pubnub::Event: Initialized Pubnub::Publish
D, [2025-09-28T03:29:28.445416 #61930] DEBUG -- Pubnub::Publish: Fired event Pubnub::Publish
D, [2025-09-28T03:29:28.445470 #61930] DEBUG -- Pubnub::Event: #send_request called
D, [2025-09-28T03:29:28.445485 #61930] DEBUG -- Pubnub::SingleEvent: #request_dispatcher called
D, [2025-09-28T03:29:28.445494 #61930] DEBUG -- Pubnub::Client: Looking for requester for async single_event
D, [2025-09-28T03:29:28.445502 #61930] DEBUG -- Pubnub::Event: #send_request got sender
D, [2025-09-28T03:29:28.445594 #61930] DEBUG -- Pubnub::Event: Requested URI: https://ps.pndsn.com/publish/pub-c-371423e2-0bd9-4c53-b56b-4d8589529cd7/sub-c-18ef4162-eec8-464d-8040-95b7ce1cb947/0/user.2.matches/0/%7B%22type%22%3A%22queue_joined%22%2C%22timestamp%22%3A1759012168%2C%22data%22%3A%7B%22status%22%3A%22waiting%22%2C%22queue_position%22%3Anull%2C%22estimated_wait_time%22%3A30%7D%7D?ortt=%7B%22t%22%3A17590121684446668%7D&pnsdk=PubNub-Ruby%2F5.6.0&seqn=114&store=0&uuid=server-development-45468a61
D, [2025-09-28T03:29:29.060362 #61930] DEBUG -- Pubnub::Event: Event#handle
D, [2025-09-28T03:29:29.060763 #61930] DEBUG -- Pubnub::Event: Firing callbacks for Pubnub::Publish
D, [2025-09-28T03:29:29.247104 #61930] DEBUG -- Pubnub::Event: Event#handle
D, [2025-09-28T03:29:29.247510 #61930] DEBUG -- Pubnub::Event: Firing callbacks for Pubnub::Publish
D, [2025-09-28T03:29:30.197208 #61930] DEBUG -- Pubnub::Telemetry: Fetching telemetry for l_pub
D, [2025-09-28T03:29:30.197377 #61930] DEBUG -- Pubnub::Telemetry: Current average: 0.8599457740783691
D, [2025-09-28T03:29:30.197556 #61930] DEBUG -- Pubnub::Event: Initialized Pubnub::Publish
D, [2025-09-28T03:29:30.198275 #61930] DEBUG -- Pubnub::Publish: Fired event Pubnub::Publish
D, [2025-09-28T03:29:30.198843 #61930] DEBUG -- Pubnub::Event: #send_request called
D, [2025-09-28T03:29:30.198880 #61930] DEBUG -- Pubnub::SingleEvent: #request_dispatcher called
D, [2025-09-28T03:29:30.198914 #61930] DEBUG -- Pubnub::Client: Looking for requester for async single_event
D, [2025-09-28T03:29:30.198970 #61930] DEBUG -- Pubnub::Event: #send_request got sender
D, [2025-09-28T03:29:30.199859 #61930] DEBUG -- Pubnub::Event: Requested URI: https://ps.pndsn.com/publish/pub-c-371423e2-0bd9-4c53-b56b-4d8589529cd7/sub-c-18ef4162-eec8-464d-8040-95b7ce1cb947/0/user.2.matches/0/%7B%22type%22%3A%22match_failed%22%2C%22timestamp%22%3A1759012170%2C%22data%22%3A%7B%22status%22%3A%22no_match%22%2C%22reason%22%3A%22Staff%20users%20wait%20for%20real%20app%20users%20only%20-%20none%20currently%20available%22%2C%22retry_suggested%22%3Atrue%7D%7D?l_pub=0.86&ortt=%7B%22t%22%3A17590121701975970%7D&pnsdk=PubNub-Ruby%2F5.6.0&seqn=115&store=0&uuid=server-development-45468a61
D, [2025-09-28T03:29:30.198800 #61930] DEBUG -- Pubnub::Telemetry: Fetching telemetry for l_pub
D, [2025-09-28T03:29:30.201270 #61930] DEBUG -- Pubnub::Event: Initialized Pubnub::Publish
D, [2025-09-28T03:29:30.206395 #61930] DEBUG -- Pubnub::Publish: Fired event Pubnub::Publish
D, [2025-09-28T03:29:30.206788 #61930] DEBUG -- Pubnub::Event: #send_request called
D, [2025-09-28T03:29:30.206860 #61930] DEBUG -- Pubnub::SingleEvent: #request_dispatcher called
D, [2025-09-28T03:29:30.207489 #61930] DEBUG -- Pubnub::Client: Looking for requester for async single_event
D, [2025-09-28T03:29:30.207528 #61930] DEBUG -- Pubnub::Event: #send_request got sender
D, [2025-09-28T03:29:30.207789 #61930] DEBUG -- Pubnub::Event: Requested URI: https://ps.pndsn.com/publish/pub-c-371423e2-0bd9-4c53-b56b-4d8589529cd7/sub-c-18ef4162-eec8-464d-8040-95b7ce1cb947/0/user.2.matches/0/%7B%22type%22%3A%22partner_left%22%2C%22timestamp%22%3A1759012170%2C%22data%22%3A%7B%22room_id%22%3A%22room_1759012152_7698cae8%22%2C%22action%22%3A%22find_new_match%22%7D%7D?ortt=%7B%22t%22%3A17590121702013250%7D&pnsdk=PubNub-Ruby%2F5.6.0&seqn=116&store=0&uuid=server-development-45468a61
D, [2025-09-28T03:29:30.226931 #61930] DEBUG -- Pubnub::Telemetry: Fetching telemetry for l_pub
D, [2025-09-28T03:29:30.227034 #61930] DEBUG -- Pubnub::Event: Initialized Pubnub::Publish
D, [2025-09-28T03:29:30.227751 #61930] DEBUG -- Pubnub::Publish: Fired event Pubnub::Publish
D, [2025-09-28T03:29:30.227777 #61930] DEBUG -- Pubnub::Event: #send_request called
D, [2025-09-28T03:29:30.227799 #61930] DEBUG -- Pubnub::SingleEvent: #request_dispatcher called
D, [2025-09-28T03:29:30.227826 #61930] DEBUG -- Pubnub::Client: Looking for requester for async single_event
D, [2025-09-28T03:29:30.227840 #61930] DEBUG -- Pubnub::Event: #send_request got sender
D, [2025-09-28T03:29:30.227965 #61930] DEBUG -- Pubnub::Event: Requested URI: https://ps.pndsn.com/publish/pub-c-371423e2-0bd9-4c53-b56b-4d8589529cd7/sub-c-18ef4162-eec8-464d-8040-95b7ce1cb947/0/user.3.matches/0/%7B%22type%22%3A%22queue_joined%22%2C%22timestamp%22%3A1759012170%2C%22data%22%3A%7B%22status%22%3A%22waiting%22%2C%22queue_position%22%3Anull%2C%22estimated_wait_time%22%3A30%7D%7D?ortt=%7B%22t%22%3A17590121702270520%7D&pnsdk=PubNub-Ruby%2F5.6.0&seqn=117&store=0&uuid=server-development-45468a61
D, [2025-09-28T03:29:30.250933 #61930] DEBUG -- Pubnub::Telemetry: Fetching telemetry for l_pub
D, [2025-09-28T03:29:30.251033 #61930] DEBUG -- Pubnub::Telemetry: Fetching telemetry for l_pub
D, [2025-09-28T03:29:30.251061 #61930] DEBUG -- Pubnub::Event: Initialized Pubnub::Publish
D, [2025-09-28T03:29:30.251130 #61930] DEBUG -- Pubnub::Event: Initialized Pubnub::Publish
D, [2025-09-28T03:29:30.252250 #61930] DEBUG -- Pubnub::Telemetry: Fetching telemetry for l_pub
D, [2025-09-28T03:29:30.251717 #61930] DEBUG -- Pubnub::Publish: Fired event Pubnub::Publish
D, [2025-09-28T03:29:30.253680 #61930] DEBUG -- Pubnub::Event: #send_request called
D, [2025-09-28T03:29:30.253822 #61930] DEBUG -- Pubnub::SingleEvent: #request_dispatcher called
D, [2025-09-28T03:29:30.254045 #61930] DEBUG -- Pubnub::Client: Looking for requester for async single_event
D, [2025-09-28T03:29:30.254089 #61930] DEBUG -- Pubnub::Event: #send_request got sender
D, [2025-09-28T03:29:30.254387 #61930] DEBUG -- Pubnub::Event: Requested URI: https://ps.pndsn.com/publish/pub-c-371423e2-0bd9-4c53-b56b-4d8589529cd7/sub-c-18ef4162-eec8-464d-8040-95b7ce1cb947/0/user.2.matches/0/%7B%22type%22%3A%22partner_left%22%2C%22timestamp%22%3A1759012170%2C%22data%22%3A%7B%22room_id%22%3A%22room_1759012152_7698cae8%22%2C%22action%22%3A%22find_new_match%22%7D%7D?ortt=%7B%22t%22%3A17590121702511518%7D&pnsdk=PubNub-Ruby%2F5.6.0&seqn=118&store=0&uuid=server-development-45468a61
D, [2025-09-28T03:29:30.253325 #61930] DEBUG -- Pubnub::Event: Initialized Pubnub::Publish
D, [2025-09-28T03:29:30.253135 #61930] DEBUG -- Pubnub::Publish: Fired event Pubnub::Publish
D, [2025-09-28T03:29:30.255938 #61930] DEBUG -- Pubnub::Event: #send_request called
D, [2025-09-28T03:29:30.256049 #61930] DEBUG -- Pubnub::SingleEvent: #request_dispatcher called
D, [2025-09-28T03:29:30.256321 #61930] DEBUG -- Pubnub::Client: Looking for requester for async single_event
D, [2025-09-28T03:29:30.256461 #61930] DEBUG -- Pubnub::Event: #send_request got sender
D, [2025-09-28T03:29:30.256717 #61930] DEBUG -- Pubnub::Event: Requested URI: https://ps.pndsn.com/publish/pub-c-371423e2-0bd9-4c53-b56b-4d8589529cd7/sub-c-18ef4162-eec8-464d-8040-95b7ce1cb947/0/user.3.matches/0/%7B%22type%22%3A%22match_found%22%2C%22timestamp%22%3A1759012170%2C%22data%22%3A%7B%22status%22%3A%22matched%22%2C%22room_id%22%3A%22room_1759012170_b5d3e220%22%2C%22match_type%22%3A%22video%22%2C%22actual_match_type%22%3A%22video%22%2C%22partner%22%3A%7B%22id%22%3A%22video%22%2C%22type%22%3A%22video%22%7D%2C%22is_initiator%22%3Atrue%2C%22session_version%22%3A%22version_1759012170_ba60f325%22%2C%22video_id%22%3A1%2C%22video_url%22%3A%22https%3A%2F%2Fres.cloudinary.com%2Fdnxuijplb%2Fvideo%2Fupload%2Fv1%2Fjuicy_meets%2F34i0annr2s0d64gqw8ez3ze0b5ri.mp4%3F_a%3DBACCg%2BEv%22%2C%22video_name%22%3A%22four%22%7D%7D?ortt=%7B%22t%22%3A17590121702521898%7D&pnsdk=PubNub-Ruby%2F5.6.0&seqn=119&store=0&uuid=server-development-45468a61
D, [2025-09-28T03:29:30.255921 #61930] DEBUG -- Pubnub::Publish: Fired event Pubnub::Publish
D, [2025-09-28T03:29:30.257096 #61930] DEBUG -- Pubnub::Event: #send_request called
D, [2025-09-28T03:29:30.257146 #61930] DEBUG -- Pubnub::SingleEvent: #request_dispatcher called
D, [2025-09-28T03:29:30.257184 #61930] DEBUG -- Pubnub::Client: Looking for requester for async single_event
D, [2025-09-28T03:29:30.257214 #61930] DEBUG -- Pubnub::Event: #send_request got sender
D, [2025-09-28T03:29:30.257311 #61930] DEBUG -- Pubnub::Event: Requested URI: https://ps.pndsn.com/publish/pub-c-371423e2-0bd9-4c53-b56b-4d8589529cd7/sub-c-18ef4162-eec8-464d-8040-95b7ce1cb947/0/user.3.matches/0/%7B%22type%22%3A%22match_found%22%2C%22timestamp%22%3A1759012170%2C%22data%22%3A%7B%22status%22%3A%22matched%22%2C%22room_id%22%3A%22room_1759012170_b5d3e220%22%2C%22match_type%22%3A%22video%22%2C%22actual_match_type%22%3A%22video%22%2C%22partner%22%3A%7B%22id%22%3A%22video%22%2C%22type%22%3A%22video%22%7D%2C%22is_initiator%22%3Atrue%2C%22session_version%22%3A%22version_1759012170_ba60f325%22%2C%22video_id%22%3A1%2C%22video_url%22%3A%22https%3A%2F%2Fres.cloudinary.com%2Fdnxuijplb%2Fvideo%2Fupload%2Fv1%2Fjuicy_meets%2F34i0annr2s0d64gqw8ez3ze0b5ri.mp4%3F_a%3DBACCg%2BEv%22%2C%22video_name%22%3A%22four%22%7D%7D?ortt=%7B%22t%22%3A17590121702557518%7D&pnsdk=PubNub-Ruby%2F5.6.0&seqn=120&store=0&uuid=server-development-45468a61
D, [2025-09-28T03:29:30.393821 #61930] DEBUG -- Pubnub::Event: Event#handle
D, [2025-09-28T03:29:30.393988 #61930] DEBUG -- Pubnub::Event: Firing callbacks for Pubnub::Publish
D, [2025-09-28T03:29:30.399169 #61930] DEBUG -- Pubnub::Event: Event#handle
D, [2025-09-28T03:29:30.399299 #61930] DEBUG -- Pubnub::Event: Firing callbacks for Pubnub::Publish
D, [2025-09-28T03:29:30.502812 #61930] DEBUG -- Pubnub::Telemetry: Fetching telemetry for l_pub
D, [2025-09-28T03:29:30.502888 #61930] DEBUG -- Pubnub::Telemetry: Current average: 0.19312238693237305
D, [2025-09-28T03:29:30.502974 #61930] DEBUG -- Pubnub::Event: Initialized Pubnub::Publish
D, [2025-09-28T03:29:30.503264 #61930] DEBUG -- Pubnub::Publish: Fired event Pubnub::Publish
D, [2025-09-28T03:29:30.503318 #61930] DEBUG -- Pubnub::Event: #send_request called
D, [2025-09-28T03:29:30.503352 #61930] DEBUG -- Pubnub::SingleEvent: #request_dispatcher called
D, [2025-09-28T03:29:30.503385 #61930] DEBUG -- Pubnub::Client: Looking for requester for async single_event
D, [2025-09-28T03:29:30.503416 #61930] DEBUG -- Pubnub::Event: #send_request got sender
D, [2025-09-28T03:29:30.503622 #61930] DEBUG -- Pubnub::Event: Requested URI: https://ps.pndsn.com/publish/pub-c-371423e2-0bd9-4c53-b56b-4d8589529cd7/sub-c-18ef4162-eec8-464d-8040-95b7ce1cb947/0/user.2.matches/0/%7B%22type%22%3A%22match_failed%22%2C%22timestamp%22%3A1759012170%2C%22data%22%3A%7B%22status%22%3A%22no_match%22%2C%22reason%22%3A%22Staff%20users%20wait%20for%20real%20app%20users%20only%20-%20none%20currently%20available%22%2C%22retry_suggested%22%3Atrue%7D%7D?l_pub=0.193&ortt=%7B%22t%22%3A17590121705030138%7D&pnsdk=PubNub-Ruby%2F5.6.0&seqn=121&store=0&uuid=server-development-45468a61
D, [2025-09-28T03:29:30.503292 #61930] DEBUG -- Pubnub::Telemetry: Fetching telemetry for l_pub
D, [2025-09-28T03:29:30.504247 #61930] DEBUG -- Pubnub::Event: Initialized Pubnub::Publish
D, [2025-09-28T03:29:30.505378 #61930] DEBUG -- Pubnub::Publish: Fired event Pubnub::Publish
D, [2025-09-28T03:29:30.505679 #61930] DEBUG -- Pubnub::Event: #send_request called
D, [2025-09-28T03:29:30.508599 #61930] DEBUG -- Pubnub::SingleEvent: #request_dispatcher called
D, [2025-09-28T03:29:30.508936 #61930] DEBUG -- Pubnub::Client: Looking for requester for async single_event
D, [2025-09-28T03:29:30.508978 #61930] DEBUG -- Pubnub::Event: #send_request got sender
D, [2025-09-28T03:29:30.509211 #61930] DEBUG -- Pubnub::Event: Requested URI: https://ps.pndsn.com/publish/pub-c-371423e2-0bd9-4c53-b56b-4d8589529cd7/sub-c-18ef4162-eec8-464d-8040-95b7ce1cb947/0/user.2.matches/0/%7B%22type%22%3A%22queue_joined%22%2C%22timestamp%22%3A1759012170%2C%22data%22%3A%7B%22status%22%3A%22waiting%22%2C%22queue_position%22%3Anull%2C%22estimated_wait_time%22%3A30%7D%7D?ortt=%7B%22t%22%3A17590121705043070%7D&pnsdk=PubNub-Ruby%2F5.6.0&seqn=122&store=0&uuid=server-development-45468a61
D, [2025-09-28T03:29:30.698289 #61930] DEBUG -- Pubnub::Event: Event#handle
D, [2025-09-28T03:29:30.699386 #61930] DEBUG -- Pubnub::Event: Firing callbacks for Pubnub::Publish
D, [2025-09-28T03:29:30.700502 #61930] DEBUG -- Pubnub::Event: Event#handle
D, [2025-09-28T03:29:30.700701 #61930] DEBUG -- Pubnub::Event: Firing callbacks for Pubnub::Publish
D, [2025-09-28T03:29:30.857972 #61930] DEBUG -- Pubnub::Telemetry: Fetching telemetry for l_pub
D, [2025-09-28T03:29:30.858005 #61930] DEBUG -- Pubnub::Telemetry: Current average: 0.19301855564117432
D, [2025-09-28T03:29:30.858044 #61930] DEBUG -- Pubnub::Event: Initialized Pubnub::Publish
D, [2025-09-28T03:29:30.858483 #61930] DEBUG -- Pubnub::Publish: Fired event Pubnub::Publish
D, [2025-09-28T03:29:30.858504 #61930] DEBUG -- Pubnub::Event: #send_request called
D, [2025-09-28T03:29:30.858518 #61930] DEBUG -- Pubnub::SingleEvent: #request_dispatcher called
D, [2025-09-28T03:29:30.858536 #61930] DEBUG -- Pubnub::Client: Looking for requester for async single_event
D, [2025-09-28T03:29:30.858564 #61930] DEBUG -- Pubnub::Event: #send_request got sender
D, [2025-09-28T03:29:30.858716 #61930] DEBUG -- Pubnub::Event: Requested URI: https://ps.pndsn.com/publish/pub-c-371423e2-0bd9-4c53-b56b-4d8589529cd7/sub-c-18ef4162-eec8-464d-8040-95b7ce1cb947/0/user.2.matches/0/%7B%22type%22%3A%22queue_joined%22%2C%22timestamp%22%3A1759012170%2C%22data%22%3A%7B%22status%22%3A%22waiting%22%2C%22queue_position%22%3Anull%2C%22estimated_wait_time%22%3A30%7D%7D?l_pub=0.193&ortt=%7B%22t%22%3A17590121708580558%7D&pnsdk=PubNub-Ruby%2F5.6.0&seqn=123&store=0&uuid=server-development-45468a61
D, [2025-09-28T03:29:30.979362 #61930] DEBUG -- Pubnub::Event: Event#handle
D, [2025-09-28T03:29:30.979905 #61930] DEBUG -- Pubnub::Event: Firing callbacks for Pubnub::Publish
D, [2025-09-28T03:29:31.054512 #61930] DEBUG -- Pubnub::Event: Event#handle
D, [2025-09-28T03:29:31.055960 #61930] DEBUG -- Pubnub::Event: Firing callbacks for Pubnub::Publish
D, [2025-09-28T03:29:31.073301 #61930] DEBUG -- Pubnub::Event: Event#handle
D, [2025-09-28T03:29:31.073808 #61930] DEBUG -- Pubnub::Event: Firing callbacks for Pubnub::Publish
D, [2025-09-28T03:29:31.179213 #61930] DEBUG -- Pubnub::Event: Event#handle
D, [2025-09-28T03:29:31.180590 #61930] DEBUG -- Pubnub::Event: Firing callbacks for Pubnub::Publish
D, [2025-09-28T03:29:31.179888 #61930] DEBUG -- Pubnub::Event: Event#handle
D, [2025-09-28T03:29:31.181005 #61930] DEBUG -- Pubnub::Event: Firing callbacks for Pubnub::Publish
D, [2025-09-28T03:29:31.432107 #61930] DEBUG -- Pubnub::Telemetry: Fetching telemetry for l_pub
D, [2025-09-28T03:29:31.432141 #61930] DEBUG -- Pubnub::Telemetry: Current average: 0.7221697807312012
D, [2025-09-28T03:29:31.432181 #61930] DEBUG -- Pubnub::Event: Initialized Pubnub::Publish
D, [2025-09-28T03:29:31.432599 #61930] DEBUG -- Pubnub::Publish: Fired event Pubnub::Publish
D, [2025-09-28T03:29:31.432616 #61930] DEBUG -- Pubnub::Event: #send_request called
D, [2025-09-28T03:29:31.432629 #61930] DEBUG -- Pubnub::SingleEvent: #request_dispatcher called
D, [2025-09-28T03:29:31.432643 #61930] DEBUG -- Pubnub::Client: Looking for requester for async single_event
D, [2025-09-28T03:29:31.432652 #61930] DEBUG -- Pubnub::Event: #send_request got sender
D, [2025-09-28T03:29:31.432731 #61930] DEBUG -- Pubnub::Event: Requested URI: https://ps.pndsn.com/publish/pub-c-371423e2-0bd9-4c53-b56b-4d8589529cd7/sub-c-18ef4162-eec8-464d-8040-95b7ce1cb947/0/user.2.matches/0/%7B%22type%22%3A%22queue_joined%22%2C%22timestamp%22%3A1759012171%2C%22data%22%3A%7B%22status%22%3A%22waiting%22%2C%22queue_position%22%3Anull%2C%22estimated_wait_time%22%3A30%7D%7D?l_pub=0.722&ortt=%7B%22t%22%3A17590121714321930%7D&pnsdk=PubNub-Ruby%2F5.6.0&seqn=124&store=0&uuid=server-development-45468a61
D, [2025-09-28T03:29:31.624620 #61930] DEBUG -- Pubnub::Event: Event#handle
D, [2025-09-28T03:29:31.624931 #61930] DEBUG -- Pubnub::Event: Firing callbacks for Pubnub::Publish
D, [2025-09-28T03:29:31.971270 #61930] DEBUG -- Pubnub::Telemetry: Fetching telemetry for l_pub
D, [2025-09-28T03:29:31.971309 #61930] DEBUG -- Pubnub::Telemetry: Current average: 0.19184303283691406
D, [2025-09-28T03:29:31.971353 #61930] DEBUG -- Pubnub::Event: Initialized Pubnub::Publish
D, [2025-09-28T03:29:31.971985 #61930] DEBUG -- Pubnub::Publish: Fired event Pubnub::Publish
D, [2025-09-28T03:29:31.972004 #61930] DEBUG -- Pubnub::Event: #send_request called
D, [2025-09-28T03:29:31.972022 #61930] DEBUG -- Pubnub::SingleEvent: #request_dispatcher called
D, [2025-09-28T03:29:31.972049 #61930] DEBUG -- Pubnub::Client: Looking for requester for async single_event
D, [2025-09-28T03:29:31.972073 #61930] DEBUG -- Pubnub::Event: #send_request got sender
D, [2025-09-28T03:29:31.972161 #61930] DEBUG -- Pubnub::Event: Requested URI: https://ps.pndsn.com/publish/pub-c-371423e2-0bd9-4c53-b56b-4d8589529cd7/sub-c-18ef4162-eec8-464d-8040-95b7ce1cb947/0/user.2.matches/0/%7B%22type%22%3A%22queue_joined%22%2C%22timestamp%22%3A1759012171%2C%22data%22%3A%7B%22status%22%3A%22waiting%22%2C%22queue_position%22%3Anull%2C%22estimated_wait_time%22%3A30%7D%7D?l_pub=0.192&ortt=%7B%22t%22%3A17590121719713652%7D&pnsdk=PubNub-Ruby%2F5.6.0&seqn=125&store=0&uuid=server-development-45468a61
D, [2025-09-28T03:29:32.167211 #61930] DEBUG -- Pubnub::Event: Event#handle
D, [2025-09-28T03:29:32.167719 #61930] DEBUG -- Pubnub::Event: Firing callbacks for Pubnub::Publish
D, [2025-09-28T03:29:33.505354 #61930] DEBUG -- Pubnub::Telemetry: Fetching telemetry for l_pub
D, [2025-09-28T03:29:33.505400 #61930] DEBUG -- Pubnub::Telemetry: Current average: 0.1949019432067871
D, [2025-09-28T03:29:33.505448 #61930] DEBUG -- Pubnub::Event: Initialized Pubnub::Publish
D, [2025-09-28T03:29:33.505704 #61930] DEBUG -- Pubnub::Publish: Fired event Pubnub::Publish
D, [2025-09-28T03:29:33.505746 #61930] DEBUG -- Pubnub::Event: #send_request called
D, [2025-09-28T03:29:33.506277 #61930] DEBUG -- Pubnub::SingleEvent: #request_dispatcher called
D, [2025-09-28T03:29:33.506301 #61930] DEBUG -- Pubnub::Client: Looking for requester for async single_event
D, [2025-09-28T03:29:33.506316 #61930] DEBUG -- Pubnub::Event: #send_request got sender
D, [2025-09-28T03:29:33.506432 #61930] DEBUG -- Pubnub::Event: Requested URI: https://ps.pndsn.com/publish/pub-c-371423e2-0bd9-4c53-b56b-4d8589529cd7/sub-c-18ef4162-eec8-464d-8040-95b7ce1cb947/0/user.2.matches/0/%7B%22type%22%3A%22match_failed%22%2C%22timestamp%22%3A1759012173%2C%22data%22%3A%7B%22status%22%3A%22no_match%22%2C%22reason%22%3A%22Staff%20users%20wait%20for%20real%20app%20users%20only%20-%20none%20currently%20available%22%2C%22retry_suggested%22%3Atrue%7D%7D?l_pub=0.195&ortt=%7B%22t%22%3A17590121735054632%7D&pnsdk=PubNub-Ruby%2F5.6.0&seqn=126&store=0&uuid=server-development-45468a61
D, [2025-09-28T03:29:33.701674 #61930] DEBUG -- Pubnub::Event: Event#handle
D, [2025-09-28T03:29:33.702230 #61930] DEBUG -- Pubnub::Event: Firing callbacks for Pubnub::Publish
D, [2025-09-28T03:29:34.041076 #61930] DEBUG -- Pubnub::Telemetry: Fetching telemetry for l_pub
D, [2025-09-28T03:29:34.041151 #61930] DEBUG -- Pubnub::Telemetry: Current average: 0.19507694244384766
D, [2025-09-28T03:29:34.041223 #61930] DEBUG -- Pubnub::Event: Initialized Pubnub::Publish
D, [2025-09-28T03:29:34.041423 #61930] DEBUG -- Pubnub::Publish: Fired event Pubnub::Publish
D, [2025-09-28T03:29:34.041459 #61930] DEBUG -- Pubnub::Event: #send_request called
D, [2025-09-28T03:29:34.041478 #61930] DEBUG -- Pubnub::SingleEvent: #request_dispatcher called
D, [2025-09-28T03:29:34.041497 #61930] DEBUG -- Pubnub::Client: Looking for requester for async single_event
D, [2025-09-28T03:29:34.041510 #61930] DEBUG -- Pubnub::Event: #send_request got sender
D, [2025-09-28T03:29:34.041664 #61930] DEBUG -- Pubnub::Event: Requested URI: https://ps.pndsn.com/publish/pub-c-371423e2-0bd9-4c53-b56b-4d8589529cd7/sub-c-18ef4162-eec8-464d-8040-95b7ce1cb947/0/user.2.matches/0/%7B%22type%22%3A%22match_failed%22%2C%22timestamp%22%3A1759012174%2C%22data%22%3A%7B%22status%22%3A%22no_match%22%2C%22reason%22%3A%22Staff%20users%20wait%20for%20real%20app%20users%20only%20-%20none%20currently%20available%22%2C%22retry_suggested%22%3Atrue%7D%7D?l_pub=0.195&ortt=%7B%22t%22%3A17590121740412450%7D&pnsdk=PubNub-Ruby%2F5.6.0&seqn=127&store=0&uuid=server-development-45468a61
D, [2025-09-28T03:29:34.041445 #61930] DEBUG -- Pubnub::Telemetry: Fetching telemetry for l_pub
D, [2025-09-28T03:29:34.042218 #61930] DEBUG -- Pubnub::Event: Initialized Pubnub::Publish
D, [2025-09-28T03:29:34.042587 #61930] DEBUG -- Pubnub::Publish: Fired event Pubnub::Publish
D, [2025-09-28T03:29:34.042695 #61930] DEBUG -- Pubnub::Event: #send_request called
D, [2025-09-28T03:29:34.043325 #61930] DEBUG -- Pubnub::SingleEvent: #request_dispatcher called
D, [2025-09-28T03:29:34.043354 #61930] DEBUG -- Pubnub::Client: Looking for requester for async single_event
D, [2025-09-28T03:29:34.043369 #61930] DEBUG -- Pubnub::Event: #send_request got sender
D, [2025-09-28T03:29:34.043449 #61930] DEBUG -- Pubnub::Event: Requested URI: https://ps.pndsn.com/publish/pub-c-371423e2-0bd9-4c53-b56b-4d8589529cd7/sub-c-18ef4162-eec8-464d-8040-95b7ce1cb947/0/user.2.matches/0/%7B%22type%22%3A%22queue_joined%22%2C%22timestamp%22%3A1759012174%2C%22data%22%3A%7B%22status%22%3A%22waiting%22%2C%22queue_position%22%3Anull%2C%22estimated_wait_time%22%3A30%7D%7D?ortt=%7B%22t%22%3A17590121740422640%7D&pnsdk=PubNub-Ruby%2F5.6.0&seqn=128&store=0&uuid=server-development-45468a61
D, [2025-09-28T03:29:34.237609 #61930] DEBUG -- Pubnub::Event: Event#handle
D, [2025-09-28T03:29:34.238976 #61930] DEBUG -- Pubnub::Event: Firing callbacks for Pubnub::Publish
D, [2025-09-28T03:29:34.238360 #61930] DEBUG -- Pubnub::Event: Event#handle
D, [2025-09-28T03:29:34.239320 #61930] DEBUG -- Pubnub::Event: Firing callbacks for Pubnub::Publish
D, [2025-09-28T03:29:38.391913 #61930] DEBUG -- Pubnub::Telemetry: Fetching telemetry for l_pub
D, [2025-09-28T03:29:38.391956 #61930] DEBUG -- Pubnub::Telemetry: Current average: 0.19536781311035156
D, [2025-09-28T03:29:38.391999 #61930] DEBUG -- Pubnub::Event: Initialized Pubnub::Publish
D, [2025-09-28T03:29:38.392706 #61930] DEBUG -- Pubnub::Publish: Fired event Pubnub::Publish
D, [2025-09-28T03:29:38.392738 #61930] DEBUG -- Pubnub::Event: #send_request called
D, [2025-09-28T03:29:38.392751 #61930] DEBUG -- Pubnub::SingleEvent: #request_dispatcher called
D, [2025-09-28T03:29:38.392762 #61930] DEBUG -- Pubnub::Client: Looking for requester for async single_event
D, [2025-09-28T03:29:38.392773 #61930] DEBUG -- Pubnub::Event: #send_request got sender
D, [2025-09-28T03:29:38.392884 #61930] DEBUG -- Pubnub::Event: Requested URI: https://ps.pndsn.com/publish/pub-c-371423e2-0bd9-4c53-b56b-4d8589529cd7/sub-c-18ef4162-eec8-464d-8040-95b7ce1cb947/0/user.3.matches/0/%7B%22type%22%3A%22queue_joined%22%2C%22timestamp%22%3A1759012178%2C%22data%22%3A%7B%22status%22%3A%22waiting%22%2C%22queue_position%22%3Anull%2C%22estimated_wait_time%22%3A30%7D%7D?l_pub=0.195&ortt=%7B%22t%22%3A17590121783920130%7D&pnsdk=PubNub-Ruby%2F5.6.0&seqn=129&store=0&uuid=server-development-45468a61
D, [2025-09-28T03:29:38.407593 #61930] DEBUG -- Pubnub::Telemetry: Fetching telemetry for l_pub
D, [2025-09-28T03:29:38.407671 #61930] DEBUG -- Pubnub::Event: Initialized Pubnub::Publish
D, [2025-09-28T03:29:38.407959 #61930] DEBUG -- Pubnub::Publish: Fired event Pubnub::Publish
D, [2025-09-28T03:29:38.408081 #61930] DEBUG -- Pubnub::Event: #send_request called
D, [2025-09-28T03:29:38.408107 #61930] DEBUG -- Pubnub::SingleEvent: #request_dispatcher called
D, [2025-09-28T03:29:38.408126 #61930] DEBUG -- Pubnub::Client: Looking for requester for async single_event
D, [2025-09-28T03:29:38.408150 #61930] DEBUG -- Pubnub::Event: #send_request got sender
D, [2025-09-28T03:29:38.408253 #61930] DEBUG -- Pubnub::Event: Requested URI: https://ps.pndsn.com/publish/pub-c-371423e2-0bd9-4c53-b56b-4d8589529cd7/sub-c-18ef4162-eec8-464d-8040-95b7ce1cb947/0/vc.room_1759012178_f9fcae22/0/%7B%22type%22%3A%22prepare_connection%22%2C%22from%22%3A%223%22%2C%22to%22%3A%222%22%2C%22session_version%22%3A%22version_1759012178_02b92239%22%2C%22timestamp%22%3A1759012178%7D?ortt=%7B%22t%22%3A17590121784076860%7D&pnsdk=PubNub-Ruby%2F5.6.0&seqn=130&store=0&uuid=server-development-45468a61
D, [2025-09-28T03:29:38.408097 #61930] DEBUG -- Pubnub::Telemetry: Fetching telemetry for l_pub
D, [2025-09-28T03:29:38.408661 #61930] DEBUG -- Pubnub::Event: Initialized Pubnub::Publish
D, [2025-09-28T03:29:38.408725 #61930] DEBUG -- Pubnub::Publish: Fired event Pubnub::Publish
D, [2025-09-28T03:29:38.408740 #61930] DEBUG -- Pubnub::Event: #send_request called
D, [2025-09-28T03:29:38.408749 #61930] DEBUG -- Pubnub::SingleEvent: #request_dispatcher called
D, [2025-09-28T03:29:38.408756 #61930] DEBUG -- Pubnub::Client: Looking for requester for async single_event
D, [2025-09-28T03:29:38.408764 #61930] DEBUG -- Pubnub::Event: #send_request got sender
D, [2025-09-28T03:29:38.408849 #61930] DEBUG -- Pubnub::Event: Requested URI: https://ps.pndsn.com/publish/pub-c-371423e2-0bd9-4c53-b56b-4d8589529cd7/sub-c-18ef4162-eec8-464d-8040-95b7ce1cb947/0/user.3.matches/0/%7B%22type%22%3A%22match_found%22%2C%22timestamp%22%3A1759012178%2C%22data%22%3A%7B%22status%22%3A%22matched%22%2C%22room_id%22%3A%22room_1759012178_f9fcae22%22%2C%22match_type%22%3A%22staff%22%2C%22actual_match_type%22%3A%22staff%22%2C%22partner%22%3A%7B%22id%22%3A2%2C%22type%22%3A%22staff%22%7D%2C%22is_initiator%22%3Afalse%2C%22session_version%22%3A%22version_1759012178_02b92239%22%2C%22video_id%22%3Anull%2C%22video_url%22%3Anull%2C%22video_name%22%3Anull%7D%7D?ortt=%7B%22t%22%3A17590121784086800%7D&pnsdk=PubNub-Ruby%2F5.6.0&seqn=131&store=0&uuid=server-development-45468a61
D, [2025-09-28T03:29:38.409919 #61930] DEBUG -- Pubnub::Telemetry: Fetching telemetry for l_pub
D, [2025-09-28T03:29:38.410080 #61930] DEBUG -- Pubnub::Telemetry: Fetching telemetry for l_pub
D, [2025-09-28T03:29:38.410104 #61930] DEBUG -- Pubnub::Event: Initialized Pubnub::Publish
D, [2025-09-28T03:29:38.410649 #61930] DEBUG -- Pubnub::Telemetry: Fetching telemetry for l_pub
D, [2025-09-28T03:29:38.410395 #61930] DEBUG -- Pubnub::Event: Initialized Pubnub::Publish
D, [2025-09-28T03:29:38.410900 #61930] DEBUG -- Pubnub::Publish: Fired event Pubnub::Publish
D, [2025-09-28T03:29:38.411320 #61930] DEBUG -- Pubnub::Event: #send_request called
D, [2025-09-28T03:29:38.411364 #61930] DEBUG -- Pubnub::SingleEvent: #request_dispatcher called
D, [2025-09-28T03:29:38.411569 #61930] DEBUG -- Pubnub::Client: Looking for requester for async single_event
D, [2025-09-28T03:29:38.411618 #61930] DEBUG -- Pubnub::Event: #send_request got sender
D, [2025-09-28T03:29:38.412107 #61930] DEBUG -- Pubnub::Event: Requested URI: https://ps.pndsn.com/publish/pub-c-371423e2-0bd9-4c53-b56b-4d8589529cd7/sub-c-18ef4162-eec8-464d-8040-95b7ce1cb947/0/user.2.matches/0/%7B%22type%22%3A%22match_found%22%2C%22timestamp%22%3A1759012178%2C%22data%22%3A%7B%22status%22%3A%22matched%22%2C%22room_id%22%3A%22room_1759012178_f9fcae22%22%2C%22match_type%22%3A%22staff%22%2C%22actual_match_type%22%3A%22staff%22%2C%22partner%22%3A%7B%22id%22%3A3%2C%22type%22%3A%22staff%22%7D%2C%22is_initiator%22%3Atrue%2C%22session_version%22%3A%22version_1759012178_02b92239%22%2C%22video_id%22%3Anull%2C%22video_url%22%3Anull%2C%22video_name%22%3Anull%7D%7D?ortt=%7B%22t%22%3A17590121784106100%7D&pnsdk=PubNub-Ruby%2F5.6.0&seqn=132&store=0&uuid=server-development-45468a61
D, [2025-09-28T03:29:38.411147 #61930] DEBUG -- Pubnub::Publish: Fired event Pubnub::Publish
D, [2025-09-28T03:29:38.412768 #61930] DEBUG -- Pubnub::Event: #send_request called
D, [2025-09-28T03:29:38.412883 #61930] DEBUG -- Pubnub::SingleEvent: #request_dispatcher called
D, [2025-09-28T03:29:38.413411 #61930] DEBUG -- Pubnub::Client: Looking for requester for async single_event
D, [2025-09-28T03:29:38.413545 #61930] DEBUG -- Pubnub::Event: #send_request got sender
D, [2025-09-28T03:29:38.413841 #61930] DEBUG -- Pubnub::Event: Requested URI: https://ps.pndsn.com/publish/pub-c-371423e2-0bd9-4c53-b56b-4d8589529cd7/sub-c-18ef4162-eec8-464d-8040-95b7ce1cb947/0/user.3.matches/0/%7B%22type%22%3A%22match_found%22%2C%22timestamp%22%3A1759012178%2C%22data%22%3A%7B%22status%22%3A%22matched%22%2C%22room_id%22%3A%22room_1759012178_f9fcae22%22%2C%22match_type%22%3A%22staff%22%2C%22actual_match_type%22%3A%22staff%22%2C%22partner%22%3A%7B%22id%22%3A2%2C%22type%22%3A%22staff%22%7D%2C%22is_initiator%22%3Afalse%2C%22session_version%22%3A%22version_1759012178_02b92239%22%2C%22video_id%22%3Anull%2C%22video_url%22%3Anull%2C%22video_name%22%3Anull%7D%7D?ortt=%7B%22t%22%3A17590121784110542%7D&pnsdk=PubNub-Ruby%2F5.6.0&seqn=133&store=0&uuid=server-development-45468a61
D, [2025-09-28T03:29:38.410950 #61930] DEBUG -- Pubnub::Event: Initialized Pubnub::Publish
D, [2025-09-28T03:29:38.414661 #61930] DEBUG -- Pubnub::Publish: Fired event Pubnub::Publish
D, [2025-09-28T03:29:38.414696 #61930] DEBUG -- Pubnub::Event: #send_request called
D, [2025-09-28T03:29:38.414727 #61930] DEBUG -- Pubnub::SingleEvent: #request_dispatcher called
D, [2025-09-28T03:29:38.414768 #61930] DEBUG -- Pubnub::Client: Looking for requester for async single_event
D, [2025-09-28T03:29:38.414793 #61930] DEBUG -- Pubnub::Event: #send_request got sender
D, [2025-09-28T03:29:38.414909 #61930] DEBUG -- Pubnub::Event: Requested URI: https://ps.pndsn.com/publish/pub-c-371423e2-0bd9-4c53-b56b-4d8589529cd7/sub-c-18ef4162-eec8-464d-8040-95b7ce1cb947/0/user.2.matches/0/%7B%22type%22%3A%22match_found%22%2C%22timestamp%22%3A1759012178%2C%22data%22%3A%7B%22status%22%3A%22matched%22%2C%22room_id%22%3A%22room_1759012178_f9fcae22%22%2C%22match_type%22%3A%22staff%22%2C%22actual_match_type%22%3A%22staff%22%2C%22partner%22%3A%7B%22id%22%3A3%2C%22type%22%3A%22staff%22%7D%2C%22is_initiator%22%3Atrue%2C%22session_version%22%3A%22version_1759012178_02b92239%22%2C%22video_id%22%3Anull%2C%22video_url%22%3Anull%2C%22video_name%22%3Anull%7D%7D?ortt=%7B%22t%22%3A17590121784145460%7D&pnsdk=PubNub-Ruby%2F5.6.0&seqn=134&store=0&uuid=server-development-45468a61
D, [2025-09-28T03:29:38.583571 #61930] DEBUG -- Pubnub::Event: Event#handle
D, [2025-09-28T03:29:38.583735 #61930] DEBUG -- Pubnub::Event: Firing callbacks for Pubnub::Publish
D, [2025-09-28T03:29:38.589795 #61930] DEBUG -- Pubnub::Event: Event#handle
D, [2025-09-28T03:29:38.589932 #61930] DEBUG -- Pubnub::Event: Firing callbacks for Pubnub::Publish
D, [2025-09-28T03:29:38.599049 #61930] DEBUG -- Pubnub::Event: Event#handle
D, [2025-09-28T03:29:38.599515 #61930] DEBUG -- Pubnub::Event: Firing callbacks for Pubnub::Publish
D, [2025-09-28T03:29:38.599288 #61930] DEBUG -- Pubnub::Event: Event#handle
D, [2025-09-28T03:29:38.599742 #61930] DEBUG -- Pubnub::Event: Firing callbacks for Pubnub::Publish
D, [2025-09-28T03:29:38.599979 #61930] DEBUG -- Pubnub::Event: Event#handle
D, [2025-09-28T03:29:38.600134 #61930] DEBUG -- Pubnub::Event: Firing callbacks for Pubnub::Publish
D, [2025-09-28T03:29:38.606657 #61930] DEBUG -- Pubnub::Event: Event#handle
D, [2025-09-28T03:29:38.606820 #61930] DEBUG -- Pubnub::Event: Firing callbacks for Pubnub::Publish
